timestamp,node_id,role
0.000000,0,6: UNDISCOVERED
0.000000,1,6: UNDISCOVERED
0.000000,2,6: UNDISCOVERED
0.000000,3,6: UNDISCOVERED
0.000000,4,6: UNDISCOVERED
0.000000,5,6: UNDISCOVERED
0.000000,6,6: UNDISCOVERED
0.000000,7,6: UNDISCOVERED
0.000000,8,6: UNDISCOVERED
0.000000,9,6: UNDISCOVERED
0.000000,10,6: UNDISCOVERED
0.000000,11,6: UNDISCOVERED
0.000000,12,6: UNDISCOVERED
0.000000,13,6: UNDISCOVERED
0.000000,14,6: UNDISCOVERED
0.000000,15,6: UNDISCOVERED
0.000000,16,6: UNDISCOVERED
0.000000,17,6: UNDISCOVERED
0.000000,18,6: UNDISCOVERED
0.000000,19,6: UNDISCOVERED
0.000000,20,6: UNDISCOVERED
0.000000,21,6: UNDISCOVERED
0.000000,22,6: UNDISCOVERED
0.000000,23,6: UNDISCOVERED
0.000000,24,6: UNDISCOVERED
0.000000,25,6: UNDISCOVERED
0.000000,26,6: UNDISCOVERED
0.000000,27,6: UNDISCOVERED
0.000000,28,6: UNDISCOVERED
0.000000,29,6: UNDISCOVERED
0.000000,30,6: UNDISCOVERED
0.000000,31,6: UNDISCOVERED
0.000000,32,6: UNDISCOVERED
0.000000,33,6: UNDISCOVERED
0.000000,34,6: UNDISCOVERED
0.000000,35,6: UNDISCOVERED
0.000000,36,6: UNDISCOVERED
0.000000,37,6: UNDISCOVERED
0.000000,38,6: UNDISCOVERED
0.000000,39,6: UNDISCOVERED
0.000000,40,6: UNDISCOVERED
0.000000,41,6: UNDISCOVERED
0.000000,42,6: UNDISCOVERED
0.000000,43,6: UNDISCOVERED
0.000000,44,6: UNDISCOVERED
0.000000,45,6: UNDISCOVERED
0.000000,46,6: UNDISCOVERED
0.000000,47,6: UNDISCOVERED
0.000000,48,6: UNDISCOVERED
0.000000,49,6: UNDISCOVERED
11.100000,5,1: ROOT
41.055545,4,5: UNREGISTERED
61.055666,4,4: REGISTERED
105.485067,13,5: UNREGISTERED
125.485184,13,4: REGISTERED
125.485264,14,5: UNREGISTERED
125.485272,20,5: UNREGISTERED
145.485461,13,2: CLUSTER_HEAD
145.485540,14,4: REGISTERED
145.485548,20,4: REGISTERED
145.485618,22,5: UNREGISTERED
145.485625,28,5: UNREGISTERED
165.485973,14,2: CLUSTER_HEAD
165.485994,20,2: CLUSTER_HEAD
165.486051,22,4: REGISTERED
165.486070,28,4: REGISTERED
165.486103,30,5: UNREGISTERED
165.486127,23,5: UNREGISTERED
165.486133,36,5: UNREGISTERED
165.486140,27,5: UNREGISTERED
165.486161,29,5: UNREGISTERED
185.486589,22,2: CLUSTER_HEAD
185.486641,30,4: REGISTERED
185.486642,28,2: CLUSTER_HEAD
185.486665,23,4: REGISTERED
185.486706,36,4: REGISTERED
185.486713,27,4: REGISTERED
185.486734,29,4: REGISTERED
185.486776,37,5: UNREGISTERED
185.486781,44,5: UNREGISTERED
185.486781,35,5: UNREGISTERED
185.486790,26,5: UNREGISTERED
185.486807,18,5: UNREGISTERED
187.131378,19,5: UNREGISTERED
187.131401,34,5: UNREGISTERED
187.729270,15,5: UNREGISTERED
191.676836,12,5: UNREGISTERED
193.700465,21,5: UNREGISTERED
205.487428,36,2: CLUSTER_HEAD
205.487446,29,2: CLUSTER_HEAD
205.487453,27,2: CLUSTER_HEAD
205.487488,37,4: REGISTERED
205.487503,44,4: REGISTERED
205.487503,35,4: REGISTERED
205.487530,26,4: REGISTERED
205.487547,18,4: REGISTERED
205.487570,45,5: UNREGISTERED
205.487579,43,5: UNREGISTERED
205.487589,25,5: UNREGISTERED
205.487589,42,5: UNREGISTERED
205.487603,10,5: UNREGISTERED
205.487609,17,5: UNREGISTERED
205.487613,11,5: UNREGISTERED
207.131519,19,4: REGISTERED
207.131589,34,4: REGISTERED
207.131657,33,5: UNREGISTERED
207.729423,15,4: REGISTERED
207.729499,7,5: UNREGISTERED
211.676990,12,4: REGISTERED
213.700658,21,4: REGISTERED
225.488364,44,2: CLUSTER_HEAD
225.488371,35,2: CLUSTER_HEAD
225.488382,26,2: CLUSTER_HEAD
225.488427,18,2: CLUSTER_HEAD
225.488434,34,2: CLUSTER_HEAD
225.488441,25,4: REGISTERED
225.488442,45,4: REGISTERED
225.488447,43,4: REGISTERED
225.488483,10,4: REGISTERED
225.488493,11,4: REGISTERED
225.488496,46,5: UNREGISTERED
225.488497,17,4: REGISTERED
225.488512,42,4: REGISTERED
225.488529,32,5: UNREGISTERED
225.488535,24,5: UNREGISTERED
225.488536,16,5: UNREGISTERED
225.488537,38,5: UNREGISTERED
225.488557,9,5: UNREGISTERED
225.488588,41,5: UNREGISTERED
225.488596,49,5: UNREGISTERED
227.131794,33,4: REGISTERED
227.131877,40,5: UNREGISTERED
227.730005,15,2: CLUSTER_HEAD
227.730081,7,4: REGISTERED
227.730146,6,5: UNREGISTERED
245.485636,13,3: ROUTER
245.489415,45,2: CLUSTER_HEAD
245.489469,46,4: REGISTERED
245.489474,25,2: CLUSTER_HEAD
245.489499,33,2: CLUSTER_HEAD
245.489510,38,4: REGISTERED
245.489521,17,2: CLUSTER_HEAD
245.489544,47,5: UNREGISTERED
245.489567,39,5: UNREGISTERED
245.489568,24,4: REGISTERED
245.489570,16,4: REGISTERED
245.489571,32,4: REGISTERED
245.489580,42,2: CLUSTER_HEAD
245.489584,9,4: REGISTERED
245.489595,31,5: UNREGISTERED
245.489656,41,4: REGISTERED
245.489664,1,5: UNREGISTERED
245.489664,49,4: REGISTERED
245.489683,8,5: UNREGISTERED
245.489757,48,5: UNREGISTERED
247.132044,40,4: REGISTERED
247.730793,7,2: CLUSTER_HEAD
247.730858,6,4: REGISTERED
265.486126,14,3: ROUTER
265.486146,20,3: ROUTER
265.490591,46,2: CLUSTER_HEAD
265.490666,47,4: REGISTERED
265.490678,38,2: CLUSTER_HEAD
265.490735,39,4: REGISTERED
265.490764,31,4: REGISTERED
265.490771,9,2: CLUSTER_HEAD
265.490850,1,4: REGISTERED
265.490869,8,4: REGISTERED
265.490901,40,2: CLUSTER_HEAD
265.490911,0,5: UNREGISTERED
265.490915,2,5: UNREGISTERED
265.490980,48,4: REGISTERED
285.486757,22,3: ROUTER
285.486783,28,3: ROUTER
285.492157,1,2: CLUSTER_HEAD
285.492218,0,4: REGISTERED
285.492222,2,4: REGISTERED
285.492296,3,5: UNREGISTERED
305.487577,36,3: ROUTER
305.487642,27,3: ROUTER
305.493685,2,2: CLUSTER_HEAD
305.493759,3,4: REGISTERED
325.488520,44,3: ROUTER
325.488540,26,3: ROUTER
325.488566,18,3: ROUTER
325.488571,34,3: ROUTER
327.730156,15,3: ROUTER
345.485636,13,5: UNREGISTERED
345.485716,14,5: UNREGISTERED
345.485724,20,5: UNREGISTERED
345.485733,21,5: UNREGISTERED
345.485793,15,5: UNREGISTERED
345.485794,22,5: UNREGISTERED
345.485800,28,5: UNREGISTERED
345.485847,30,5: UNREGISTERED
345.485864,36,5: UNREGISTERED
345.485868,7,5: UNREGISTERED
345.485870,23,5: UNREGISTERED
345.485871,27,5: UNREGISTERED
345.485892,29,5: UNREGISTERED
345.485934,6,5: UNREGISTERED
345.485934,37,5: UNREGISTERED
345.485939,44,5: UNREGISTERED
345.485939,35,5: UNREGISTERED
345.485941,19,5: UNREGISTERED
345.485948,26,5: UNREGISTERED
345.485964,34,5: UNREGISTERED
345.485965,18,5: UNREGISTERED
345.486007,25,5: UNREGISTERED
345.486015,43,5: UNREGISTERED
345.486017,45,5: UNREGISTERED
345.486021,10,5: UNREGISTERED
345.486030,11,5: UNREGISTERED
345.486033,33,5: UNREGISTERED
345.486034,17,5: UNREGISTERED
345.486042,42,5: UNREGISTERED
345.486071,46,5: UNREGISTERED
345.486098,9,5: UNREGISTERED
345.486101,24,5: UNREGISTERED
345.486102,16,5: UNREGISTERED
345.486105,32,5: UNREGISTERED
345.486111,38,5: UNREGISTERED
345.486116,40,5: UNREGISTERED
345.486118,41,5: UNREGISTERED
345.486127,49,5: UNREGISTERED
345.486145,47,5: UNREGISTERED
345.486168,39,5: UNREGISTERED
345.486177,1,5: UNREGISTERED
345.486196,48,5: UNREGISTERED
345.486196,8,5: UNREGISTERED
345.486197,31,5: UNREGISTERED
345.486238,0,5: UNREGISTERED
345.486242,2,5: UNREGISTERED
345.486316,3,5: UNREGISTERED
365.485716,14,5: UNREGISTERED
365.485733,21,5: UNREGISTERED
365.485754,13,4: REGISTERED
365.485793,15,5: UNREGISTERED
365.485794,22,5: UNREGISTERED
365.485800,28,5: UNREGISTERED
365.485847,30,5: UNREGISTERED
365.485864,36,5: UNREGISTERED
365.485868,7,5: UNREGISTERED
365.485870,23,5: UNREGISTERED
365.485871,27,5: UNREGISTERED
365.485892,29,5: UNREGISTERED
365.485934,6,5: UNREGISTERED
365.485934,37,5: UNREGISTERED
365.485939,44,5: UNREGISTERED
365.485939,35,5: UNREGISTERED
365.485941,12,2: CLUSTER_HEAD
365.485941,19,5: UNREGISTERED
365.485948,26,5: UNREGISTERED
365.485964,34,5: UNREGISTERED
365.485965,18,5: UNREGISTERED
365.486005,20,4: REGISTERED
365.486007,25,5: UNREGISTERED
365.486015,43,5: UNREGISTERED
365.486017,45,5: UNREGISTERED
365.486021,10,5: UNREGISTERED
365.486030,11,5: UNREGISTERED
365.486033,33,5: UNREGISTERED
365.486034,17,5: UNREGISTERED
365.486042,42,5: UNREGISTERED
365.486071,46,5: UNREGISTERED
365.486098,9,5: UNREGISTERED
365.486101,24,5: UNREGISTERED
365.486102,16,5: UNREGISTERED
365.486105,32,5: UNREGISTERED
365.486111,38,5: UNREGISTERED
365.486116,40,5: UNREGISTERED
365.486118,41,5: UNREGISTERED
365.486127,49,5: UNREGISTERED
365.486145,47,5: UNREGISTERED
365.486168,39,5: UNREGISTERED
365.486177,1,5: UNREGISTERED
365.486196,48,5: UNREGISTERED
365.486196,8,5: UNREGISTERED
365.486197,31,5: UNREGISTERED
365.486238,0,5: UNREGISTERED
365.486242,2,5: UNREGISTERED
365.486316,3,5: UNREGISTERED
385.485793,15,5: UNREGISTERED
385.485794,22,5: UNREGISTERED
385.485847,30,5: UNREGISTERED
385.485864,36,5: UNREGISTERED
385.485868,7,5: UNREGISTERED
385.485870,23,5: UNREGISTERED
385.485871,27,5: UNREGISTERED
385.485892,29,5: UNREGISTERED
385.485913,13,2: CLUSTER_HEAD
385.485914,4,2: CLUSTER_HEAD
385.485934,6,5: UNREGISTERED
385.485934,37,5: UNREGISTERED
385.485939,44,5: UNREGISTERED
385.485939,35,5: UNREGISTERED
385.485941,19,5: UNREGISTERED
385.485948,26,5: UNREGISTERED
385.485964,34,5: UNREGISTERED
385.485965,18,5: UNREGISTERED
385.485992,14,4: REGISTERED
385.486007,25,5: UNREGISTERED
385.486009,21,4: REGISTERED
385.486015,43,5: UNREGISTERED
385.486017,45,5: UNREGISTERED
385.486021,10,5: UNREGISTERED
385.486030,11,5: UNREGISTERED
385.486033,33,5: UNREGISTERED
385.486034,17,5: UNREGISTERED
385.486042,42,5: UNREGISTERED
385.486071,46,5: UNREGISTERED
385.486098,9,5: UNREGISTERED
385.486101,24,5: UNREGISTERED
385.486102,16,5: UNREGISTERED
385.486105,32,5: UNREGISTERED
385.486111,38,5: UNREGISTERED
385.486116,40,5: UNREGISTERED
385.486118,41,5: UNREGISTERED
385.486127,49,5: UNREGISTERED
385.486145,47,5: UNREGISTERED
385.486168,39,5: UNREGISTERED
385.486177,1,5: UNREGISTERED
385.486196,48,5: UNREGISTERED
385.486196,8,5: UNREGISTERED
385.486197,31,5: UNREGISTERED
385.486238,0,5: UNREGISTERED
385.486242,2,5: UNREGISTERED
385.486316,3,5: UNREGISTERED
390.485800,28,5: UNREGISTERED
405.485864,36,5: UNREGISTERED
405.485868,7,5: UNREGISTERED
405.485870,23,5: UNREGISTERED
405.485871,27,5: UNREGISTERED
405.485934,6,5: UNREGISTERED
405.485934,37,5: UNREGISTERED
405.485939,44,5: UNREGISTERED
405.485939,35,5: UNREGISTERED
405.485941,19,5: UNREGISTERED
405.485948,26,5: UNREGISTERED
405.485964,34,5: UNREGISTERED
405.485965,18,5: UNREGISTERED
405.486007,25,5: UNREGISTERED
405.486015,43,5: UNREGISTERED
405.486017,45,5: UNREGISTERED
405.486021,10,5: UNREGISTERED
405.486030,11,5: UNREGISTERED
405.486033,33,5: UNREGISTERED
405.486034,17,5: UNREGISTERED
405.486042,42,5: UNREGISTERED
405.486071,46,5: UNREGISTERED
405.486098,9,5: UNREGISTERED
405.486101,24,5: UNREGISTERED
405.486102,16,5: UNREGISTERED
405.486105,32,5: UNREGISTERED
405.486111,38,5: UNREGISTERED
405.486116,40,5: UNREGISTERED
405.486118,41,5: UNREGISTERED
405.486127,49,5: UNREGISTERED
405.486145,47,5: UNREGISTERED
405.486146,14,2: CLUSTER_HEAD
405.486168,39,5: UNREGISTERED
405.486177,1,5: UNREGISTERED
405.486196,48,5: UNREGISTERED
405.486196,8,5: UNREGISTERED
405.486197,31,5: UNREGISTERED
405.486223,15,4: REGISTERED
405.486224,22,4: REGISTERED
405.486226,21,2: CLUSTER_HEAD
405.486238,0,5: UNREGISTERED
405.486242,2,5: UNREGISTERED
405.486296,30,4: REGISTERED
405.486307,29,4: REGISTERED
405.486316,3,5: UNREGISTERED
415.486363,29,2: CLUSTER_HEAD
415.486454,28,4: REGISTERED
425.485934,6,5: UNREGISTERED
425.485939,44,5: UNREGISTERED
425.485939,35,5: UNREGISTERED
425.485941,19,5: UNREGISTERED
425.485948,26,5: UNREGISTERED
425.485964,34,5: UNREGISTERED
425.485965,18,5: UNREGISTERED
425.486007,25,5: UNREGISTERED
425.486015,43,5: UNREGISTERED
425.486017,45,5: UNREGISTERED
425.486018,37,4: REGISTERED
425.486021,10,5: UNREGISTERED
425.486030,11,5: UNREGISTERED
425.486033,33,5: UNREGISTERED
425.486034,17,5: UNREGISTERED
425.486042,42,5: UNREGISTERED
425.486047,36,4: REGISTERED
425.486071,46,5: UNREGISTERED
425.486098,9,5: UNREGISTERED
425.486101,24,5: UNREGISTERED
425.486102,16,5: UNREGISTERED
425.486105,32,5: UNREGISTERED
425.486111,38,5: UNREGISTERED
425.486116,40,5: UNREGISTERED
425.486118,41,5: UNREGISTERED
425.486127,49,5: UNREGISTERED
425.486145,47,5: UNREGISTERED
425.486168,39,5: UNREGISTERED
425.486177,1,5: UNREGISTERED
425.486196,48,5: UNREGISTERED
425.486196,8,5: UNREGISTERED
425.486197,31,5: UNREGISTERED
425.486238,0,5: UNREGISTERED
425.486242,2,5: UNREGISTERED
425.486316,3,5: UNREGISTERED
425.486352,15,2: CLUSTER_HEAD
425.486404,23,4: REGISTERED
425.486428,7,4: REGISTERED
425.486595,28,2: CLUSTER_HEAD
425.486665,27,4: REGISTERED
445.486007,25,5: UNREGISTERED
445.486015,43,5: UNREGISTERED
445.486021,10,5: UNREGISTERED
445.486030,11,5: UNREGISTERED
445.486033,33,5: UNREGISTERED
445.486034,17,5: UNREGISTERED
445.486042,42,5: UNREGISTERED
445.486071,46,5: UNREGISTERED
445.486098,9,5: UNREGISTERED
445.486101,24,5: UNREGISTERED
445.486102,16,5: UNREGISTERED
445.486105,32,5: UNREGISTERED
445.486111,38,5: UNREGISTERED
445.486116,40,5: UNREGISTERED
445.486118,41,5: UNREGISTERED
445.486127,49,5: UNREGISTERED
445.486145,47,5: UNREGISTERED
445.486168,39,5: UNREGISTERED
445.486177,1,5: UNREGISTERED
445.486196,48,5: UNREGISTERED
445.486196,8,5: UNREGISTERED
445.486197,31,5: UNREGISTERED
445.486238,0,5: UNREGISTERED
445.486242,2,5: UNREGISTERED
445.486316,3,5: UNREGISTERED
445.486581,7,2: CLUSTER_HEAD
445.486646,6,4: REGISTERED
445.486654,37,2: CLUSTER_HEAD
445.486667,36,2: CLUSTER_HEAD
445.486736,45,4: REGISTERED
445.486742,44,4: REGISTERED
445.486742,35,4: REGISTERED
445.486807,27,2: CLUSTER_HEAD
445.486878,19,4: REGISTERED
445.486884,26,4: REGISTERED
445.486901,34,4: REGISTERED
445.486901,18,4: REGISTERED
465.486021,12,3: ROUTER
465.486098,9,5: UNREGISTERED
465.486101,24,5: UNREGISTERED
465.486102,16,5: UNREGISTERED
465.486105,32,5: UNREGISTERED
465.486116,40,5: UNREGISTERED
465.486118,41,5: UNREGISTERED
465.486127,49,5: UNREGISTERED
465.486145,47,5: UNREGISTERED
465.486168,39,5: UNREGISTERED
465.486177,1,5: UNREGISTERED
465.486196,48,5: UNREGISTERED
465.486196,8,5: UNREGISTERED
465.486197,31,5: UNREGISTERED
465.486238,0,5: UNREGISTERED
465.486242,2,5: UNREGISTERED
465.486316,3,5: UNREGISTERED
465.486844,45,2: CLUSTER_HEAD
465.486895,35,2: CLUSTER_HEAD
465.486898,46,4: REGISTERED
465.486939,38,4: REGISTERED
465.486971,43,4: REGISTERED
465.486981,42,4: REGISTERED
465.487014,26,2: CLUSTER_HEAD
465.487060,18,2: CLUSTER_HEAD
465.487073,25,4: REGISTERED
465.487083,34,2: CLUSTER_HEAD
465.487116,10,4: REGISTERED
465.487125,11,4: REGISTERED
465.487129,17,4: REGISTERED
465.487152,33,4: REGISTERED
485.485914,4,5: UNREGISTERED
485.486106,13,3: ROUTER
485.486177,1,5: UNREGISTERED
485.486196,48,5: UNREGISTERED
485.486196,8,5: UNREGISTERED
485.486238,0,5: UNREGISTERED
485.486242,2,5: UNREGISTERED
485.486316,3,5: UNREGISTERED
485.487048,46,2: CLUSTER_HEAD
485.487122,47,4: REGISTERED
485.487135,38,2: CLUSTER_HEAD
485.487171,42,2: CLUSTER_HEAD
485.487192,39,4: REGISTERED
485.487220,31,4: REGISTERED
485.487246,41,4: REGISTERED
485.487255,49,4: REGISTERED
485.487261,25,2: CLUSTER_HEAD
485.487283,17,2: CLUSTER_HEAD
485.487297,33,2: CLUSTER_HEAD
485.487346,9,4: REGISTERED
485.487355,24,4: REGISTERED
485.487357,16,4: REGISTERED
485.487369,32,4: REGISTERED
485.487380,40,4: REGISTERED
505.486035,4,4: REGISTERED
505.486238,0,5: UNREGISTERED
505.486242,2,5: UNREGISTERED
505.486299,14,3: ROUTER
505.486316,3,5: UNREGISTERED
505.486387,21,3: ROUTER
505.487434,49,2: CLUSTER_HEAD
505.487505,9,2: CLUSTER_HEAD
505.487526,48,4: REGISTERED
505.487585,1,4: REGISTERED
505.487604,8,4: REGISTERED
525.486316,3,5: UNREGISTERED
525.486735,28,3: ROUTER
525.487706,1,2: CLUSTER_HEAD
525.487766,0,4: REGISTERED
525.487770,2,4: REGISTERED
545.486817,36,3: ROUTER
545.486818,37,3: ROUTER
545.486996,27,3: ROUTER
545.487927,2,2: CLUSTER_HEAD
545.488001,3,4: REGISTERED
565.486021,12,5: UNREGISTERED
565.486084,20,5: UNREGISTERED
565.486952,45,3: ROUTER
565.487068,35,3: ROUTER
565.487173,26,3: ROUTER
565.487199,18,3: ROUTER
565.487220,34,3: ROUTER
585.486106,13,5: UNREGISTERED
585.486158,21,5: UNREGISTERED
585.486175,12,4: REGISTERED
585.486185,14,5: UNREGISTERED
585.486202,21,5: UNREGISTERED
585.486227,30,5: UNREGISTERED
585.486238,29,5: UNREGISTERED
585.486262,15,5: UNREGISTERED
585.486263,22,5: UNREGISTERED
585.486281,37,5: UNREGISTERED
585.486314,23,5: UNREGISTERED
585.486330,28,5: UNREGISTERED
585.486330,36,5: UNREGISTERED
585.486338,7,5: UNREGISTERED
585.486363,45,5: UNREGISTERED
585.486400,27,5: UNREGISTERED
585.486403,6,5: UNREGISTERED
585.486405,44,5: UNREGISTERED
585.486405,35,5: UNREGISTERED
585.486417,46,5: UNREGISTERED
585.486457,38,5: UNREGISTERED
585.486471,19,5: UNREGISTERED
585.486477,26,5: UNREGISTERED
585.486481,43,5: UNREGISTERED
585.486491,42,5: UNREGISTERED
585.486491,47,5: UNREGISTERED
585.486494,34,5: UNREGISTERED
585.486495,18,5: UNREGISTERED
585.486515,39,5: UNREGISTERED
585.486536,25,5: UNREGISTERED
585.486543,31,5: UNREGISTERED
585.486550,10,5: UNREGISTERED
585.486560,11,5: UNREGISTERED
585.486562,33,5: UNREGISTERED
585.486564,17,5: UNREGISTERED
585.486567,41,5: UNREGISTERED
585.486576,49,5: UNREGISTERED
585.486627,9,5: UNREGISTERED
585.486630,24,5: UNREGISTERED
585.486632,16,5: UNREGISTERED
585.486635,32,5: UNREGISTERED
585.486646,40,5: UNREGISTERED
585.486668,48,5: UNREGISTERED
585.486707,1,5: UNREGISTERED
585.486726,8,5: UNREGISTERED
585.486767,0,5: UNREGISTERED
585.486771,2,5: UNREGISTERED
585.486845,3,5: UNREGISTERED
590.486285,4,2: CLUSTER_HEAD
590.486302,12,2: CLUSTER_HEAD
590.486365,20,4: REGISTERED
605.486185,14,5: UNREGISTERED
605.486202,21,5: UNREGISTERED
605.486223,13,4: REGISTERED
605.486227,30,5: UNREGISTERED
605.486238,29,5: UNREGISTERED
605.486262,15,5: UNREGISTERED
605.486263,22,5: UNREGISTERED
605.486281,37,5: UNREGISTERED
605.486314,23,5: UNREGISTERED
605.486330,36,5: UNREGISTERED
605.486338,7,5: UNREGISTERED
605.486363,45,5: UNREGISTERED
605.486400,27,5: UNREGISTERED
605.486403,6,5: UNREGISTERED
605.486405,44,5: UNREGISTERED
605.486405,35,5: UNREGISTERED
605.486417,46,5: UNREGISTERED
605.486457,38,5: UNREGISTERED
605.486471,19,5: UNREGISTERED
605.486477,26,5: UNREGISTERED
605.486481,43,5: UNREGISTERED
605.486491,42,5: UNREGISTERED
605.486491,47,5: UNREGISTERED
605.486494,34,5: UNREGISTERED
605.486495,18,5: UNREGISTERED
605.486515,39,5: UNREGISTERED
605.486536,25,5: UNREGISTERED
605.486543,31,5: UNREGISTERED
605.486550,10,5: UNREGISTERED
605.486560,11,5: UNREGISTERED
605.486562,33,5: UNREGISTERED
605.486564,17,5: UNREGISTERED
605.486567,41,5: UNREGISTERED
605.486576,49,5: UNREGISTERED
605.486627,9,5: UNREGISTERED
605.486630,24,5: UNREGISTERED
605.486632,16,5: UNREGISTERED
605.486635,32,5: UNREGISTERED
605.486646,40,5: UNREGISTERED
605.486668,48,5: UNREGISTERED
605.486707,1,5: UNREGISTERED
605.486726,8,5: UNREGISTERED
605.486767,0,5: UNREGISTERED
605.486771,2,5: UNREGISTERED
605.486845,3,5: UNREGISTERED
610.486372,13,2: CLUSTER_HEAD
610.486469,21,4: REGISTERED
615.486330,28,5: UNREGISTERED
625.486262,15,5: UNREGISTERED
625.486281,37,5: UNREGISTERED
625.486314,23,5: UNREGISTERED
625.486330,36,5: UNREGISTERED
625.486338,7,5: UNREGISTERED
625.486344,14,4: REGISTERED
625.486363,45,5: UNREGISTERED
625.486400,27,5: UNREGISTERED
625.486403,6,5: UNREGISTERED
625.486405,44,5: UNREGISTERED
625.486405,35,5: UNREGISTERED
625.486417,46,5: UNREGISTERED
625.486457,38,5: UNREGISTERED
625.486471,19,5: UNREGISTERED
625.486477,26,5: UNREGISTERED
625.486481,43,5: UNREGISTERED
625.486491,42,5: UNREGISTERED
625.486491,47,5: UNREGISTERED
625.486494,34,5: UNREGISTERED
625.486495,18,5: UNREGISTERED
625.486515,39,5: UNREGISTERED
625.486536,25,5: UNREGISTERED
625.486543,31,5: UNREGISTERED
625.486550,10,5: UNREGISTERED
625.486560,11,5: UNREGISTERED
625.486562,33,5: UNREGISTERED
625.486564,17,5: UNREGISTERED
625.486567,41,5: UNREGISTERED
625.486576,49,5: UNREGISTERED
625.486607,21,2: CLUSTER_HEAD
625.486627,9,5: UNREGISTERED
625.486630,24,5: UNREGISTERED
625.486632,16,5: UNREGISTERED
625.486635,32,5: UNREGISTERED
625.486646,40,5: UNREGISTERED
625.486668,48,5: UNREGISTERED
625.486676,30,4: REGISTERED
625.486687,29,4: REGISTERED
625.486691,22,4: REGISTERED
625.486707,1,5: UNREGISTERED
625.486726,8,5: UNREGISTERED
625.486767,0,5: UNREGISTERED
625.486771,2,5: UNREGISTERED
625.486845,3,5: UNREGISTERED
640.486892,29,2: CLUSTER_HEAD
640.486984,28,4: REGISTERED
645.486338,7,5: UNREGISTERED
645.486363,45,5: UNREGISTERED
645.486365,37,4: REGISTERED
645.486403,6,5: UNREGISTERED
645.486405,44,5: UNREGISTERED
645.486405,35,5: UNREGISTERED
645.486417,46,5: UNREGISTERED
645.486457,38,5: UNREGISTERED
645.486471,19,5: UNREGISTERED
645.486477,26,5: UNREGISTERED
645.486481,43,5: UNREGISTERED
645.486491,42,5: UNREGISTERED
645.486491,47,5: UNREGISTERED
645.486494,34,5: UNREGISTERED
645.486495,18,5: UNREGISTERED
645.486513,36,4: REGISTERED
645.486515,39,5: UNREGISTERED
645.486536,25,5: UNREGISTERED
645.486543,31,5: UNREGISTERED
645.486550,10,5: UNREGISTERED
645.486560,11,5: UNREGISTERED
645.486562,33,5: UNREGISTERED
645.486564,17,5: UNREGISTERED
645.486567,41,5: UNREGISTERED
645.486576,49,5: UNREGISTERED
645.486615,14,2: CLUSTER_HEAD
645.486627,9,5: UNREGISTERED
645.486630,24,5: UNREGISTERED
645.486632,16,5: UNREGISTERED
645.486635,32,5: UNREGISTERED
645.486646,40,5: UNREGISTERED
645.486668,48,5: UNREGISTERED
645.486692,15,4: REGISTERED
645.486707,1,5: UNREGISTERED
645.486726,8,5: UNREGISTERED
645.486767,0,5: UNREGISTERED
645.486771,2,5: UNREGISTERED
645.486845,3,5: UNREGISTERED
645.486869,22,2: CLUSTER_HEAD
645.486945,23,4: REGISTERED
645.487124,28,2: CLUSTER_HEAD
645.487195,27,4: REGISTERED
665.486403,6,5: UNREGISTERED
665.486417,46,5: UNREGISTERED
665.486457,38,5: UNREGISTERED
665.486481,43,5: UNREGISTERED
665.486491,42,5: UNREGISTERED
665.486491,47,5: UNREGISTERED
665.486515,39,5: UNREGISTERED
665.486536,25,5: UNREGISTERED
665.486543,31,5: UNREGISTERED
665.486550,10,5: UNREGISTERED
665.486560,11,5: UNREGISTERED
665.486562,33,5: UNREGISTERED
665.486564,17,5: UNREGISTERED
665.486567,41,5: UNREGISTERED
665.486576,49,5: UNREGISTERED
665.486627,9,5: UNREGISTERED
665.486630,24,5: UNREGISTERED
665.486632,16,5: UNREGISTERED
665.486635,32,5: UNREGISTERED
665.486646,40,5: UNREGISTERED
665.486668,48,5: UNREGISTERED
665.486707,1,5: UNREGISTERED
665.486726,8,5: UNREGISTERED
665.486767,0,5: UNREGISTERED
665.486771,2,5: UNREGISTERED
665.486844,15,2: CLUSTER_HEAD
665.486845,3,5: UNREGISTERED
665.486920,7,4: REGISTERED
665.487000,37,2: CLUSTER_HEAD
665.487082,45,4: REGISTERED
665.487133,36,2: CLUSTER_HEAD
665.487208,44,4: REGISTERED
665.487208,35,4: REGISTERED
665.487336,27,2: CLUSTER_HEAD
665.487407,19,4: REGISTERED
665.487413,26,4: REGISTERED
665.487430,34,4: REGISTERED
665.487431,18,4: REGISTERED
685.486491,47,5: UNREGISTERED
685.486515,39,5: UNREGISTERED
685.486543,31,5: UNREGISTERED
685.486567,41,5: UNREGISTERED
685.486576,49,5: UNREGISTERED
685.486627,9,5: UNREGISTERED
685.486630,24,5: UNREGISTERED
685.486632,16,5: UNREGISTERED
685.486635,32,5: UNREGISTERED
685.486646,40,5: UNREGISTERED
685.486668,48,5: UNREGISTERED
685.486707,1,5: UNREGISTERED
685.486726,8,5: UNREGISTERED
685.486767,0,5: UNREGISTERED
685.486771,2,5: UNREGISTERED
685.486845,3,5: UNREGISTERED
685.487050,7,2: CLUSTER_HEAD
685.487115,6,4: REGISTERED
685.487190,45,2: CLUSTER_HEAD
685.487244,46,4: REGISTERED
685.487285,38,4: REGISTERED
685.487361,35,2: CLUSTER_HEAD
685.487437,43,4: REGISTERED
685.487447,42,4: REGISTERED
685.487544,26,2: CLUSTER_HEAD
685.487590,18,2: CLUSTER_HEAD
685.487603,25,4: REGISTERED
685.487613,34,2: CLUSTER_HEAD
685.487645,10,4: REGISTERED
685.487655,11,4: REGISTERED
685.487659,17,4: REGISTERED
685.487681,33,4: REGISTERED
690.486285,4,5: UNREGISTERED
690.486381,12,3: ROUTER
705.486668,48,5: UNREGISTERED
705.486707,1,5: UNREGISTERED
705.486726,8,5: UNREGISTERED
705.486767,0,5: UNREGISTERED
705.486771,2,5: UNREGISTERED
705.486845,3,5: UNREGISTERED
705.487394,46,2: CLUSTER_HEAD
705.487468,47,4: REGISTERED
705.487481,38,2: CLUSTER_HEAD
705.487538,39,4: REGISTERED
705.487566,31,4: REGISTERED
705.487619,42,2: CLUSTER_HEAD
705.487695,41,4: REGISTERED
705.487704,49,4: REGISTERED
705.487791,25,2: CLUSTER_HEAD
705.487812,17,2: CLUSTER_HEAD
705.487826,33,2: CLUSTER_HEAD
705.487875,9,4: REGISTERED
705.487885,24,4: REGISTERED
705.487886,16,4: REGISTERED
705.487898,32,4: REGISTERED
705.487909,40,4: REGISTERED
710.486405,4,4: REGISTERED
710.486565,13,3: ROUTER
725.486767,0,5: UNREGISTERED
725.486771,2,5: UNREGISTERED
725.486845,3,5: UNREGISTERED
725.487906,49,2: CLUSTER_HEAD
725.487998,48,4: REGISTERED
725.488035,9,2: CLUSTER_HEAD
725.488114,1,4: REGISTERED
725.488134,8,4: REGISTERED
740.487075,29,3: ROUTER
745.486845,3,5: UNREGISTERED
745.487265,28,3: ROUTER
745.488235,1,2: CLUSTER_HEAD
745.488295,0,4: REGISTERED
745.488299,2,4: REGISTERED
765.486996,15,3: ROUTER
765.487164,37,3: ROUTER
765.487283,36,3: ROUTER
765.487526,27,3: ROUTER
765.488456,2,2: CLUSTER_HEAD
765.488530,3,4: REGISTERED
785.487298,45,3: ROUTER
785.487534,35,3: ROUTER
785.487703,26,3: ROUTER
785.487728,18,3: ROUTER
785.487750,34,3: ROUTER
790.486381,12,5: UNREGISTERED
790.486445,20,5: UNREGISTERED
805.487939,17,3: ROUTER
810.486535,12,4: REGISTERED
810.486592,20,4: REGISTERED
825.488194,9,3: ROUTER
845.487265,28,5: UNREGISTERED
845.487335,27,5: UNREGISTERED
845.487406,19,5: UNREGISTERED
845.487412,26,5: UNREGISTERED
845.487429,34,5: UNREGISTERED
845.487430,18,5: UNREGISTERED
845.487471,25,5: UNREGISTERED
845.487485,10,5: UNREGISTERED
845.487495,11,5: UNREGISTERED
845.487497,33,5: UNREGISTERED
845.487499,17,5: UNREGISTERED
845.487562,9,5: UNREGISTERED
845.487565,24,5: UNREGISTERED
845.487567,16,5: UNREGISTERED
845.487570,32,5: UNREGISTERED
845.487581,40,5: UNREGISTERED
845.487642,1,5: UNREGISTERED
845.487661,8,5: UNREGISTERED
845.487702,0,5: UNREGISTERED
845.487706,2,5: UNREGISTERED
845.487780,3,5: UNREGISTERED
865.487164,37,5: UNREGISTERED
865.487246,45,5: UNREGISTERED
865.487283,36,5: UNREGISTERED
865.487300,46,5: UNREGISTERED
865.487341,38,5: UNREGISTERED
865.487358,44,5: UNREGISTERED
865.487359,35,5: UNREGISTERED
865.487375,47,5: UNREGISTERED
865.487398,39,5: UNREGISTERED
865.487406,19,5: UNREGISTERED
865.487412,26,5: UNREGISTERED
865.487427,31,5: UNREGISTERED
865.487430,18,5: UNREGISTERED
865.487435,43,5: UNREGISTERED
865.487445,42,5: UNREGISTERED
865.487471,25,5: UNREGISTERED
865.487485,10,5: UNREGISTERED
865.487495,11,5: UNREGISTERED
865.487499,17,5: UNREGISTERED
865.487521,41,5: UNREGISTERED
865.487529,49,5: UNREGISTERED
865.487562,9,5: UNREGISTERED
865.487565,24,5: UNREGISTERED
865.487567,16,5: UNREGISTERED
865.487570,32,5: UNREGISTERED
865.487622,48,5: UNREGISTERED
865.487628,20,2: CLUSTER_HEAD
865.487642,1,5: UNREGISTERED
865.487661,8,5: UNREGISTERED
865.487702,0,5: UNREGISTERED
865.487704,28,4: REGISTERED
865.487706,2,5: UNREGISTERED
865.487780,3,5: UNREGISTERED
870.487429,34,5: UNREGISTERED
870.487497,33,5: UNREGISTERED
870.487581,40,5: UNREGISTERED
875.487335,27,5: UNREGISTERED
885.487164,37,5: UNREGISTERED
885.487246,45,5: UNREGISTERED
885.487300,46,5: UNREGISTERED
885.487341,38,5: UNREGISTERED
885.487358,44,5: UNREGISTERED
885.487359,35,5: UNREGISTERED
885.487375,47,5: UNREGISTERED
885.487398,39,5: UNREGISTERED
885.487406,19,5: UNREGISTERED
885.487412,26,5: UNREGISTERED
885.487427,31,5: UNREGISTERED
885.487430,18,5: UNREGISTERED
885.487435,43,5: UNREGISTERED
885.487445,42,5: UNREGISTERED
885.487471,25,5: UNREGISTERED
885.487485,10,5: UNREGISTERED
885.487495,11,5: UNREGISTERED
885.487499,17,5: UNREGISTERED
885.487521,41,5: UNREGISTERED
885.487529,49,5: UNREGISTERED
885.487562,9,5: UNREGISTERED
885.487565,24,5: UNREGISTERED
885.487567,16,5: UNREGISTERED
885.487570,32,5: UNREGISTERED
885.487622,48,5: UNREGISTERED
885.487642,1,5: UNREGISTERED
885.487661,8,5: UNREGISTERED
885.487702,0,5: UNREGISTERED
885.487706,2,5: UNREGISTERED
885.487780,3,5: UNREGISTERED
890.487283,36,5: UNREGISTERED
890.487429,34,5: UNREGISTERED
890.487497,33,5: UNREGISTERED
890.487581,40,5: UNREGISTERED
900.487335,27,5: UNREGISTERED
905.487164,37,5: UNREGISTERED
905.487246,45,5: UNREGISTERED
905.487300,46,5: UNREGISTERED
905.487341,38,5: UNREGISTERED
905.487358,44,5: UNREGISTERED
905.487359,35,5: UNREGISTERED
905.487375,47,5: UNREGISTERED
905.487398,39,5: UNREGISTERED
905.487406,19,5: UNREGISTERED
905.487412,26,5: UNREGISTERED
905.487427,31,5: UNREGISTERED
905.487430,18,5: UNREGISTERED
905.487435,43,5: UNREGISTERED
905.487445,42,5: UNREGISTERED
905.487471,25,5: UNREGISTERED
905.487485,10,5: UNREGISTERED
905.487495,11,5: UNREGISTERED
905.487499,17,5: UNREGISTERED
905.487521,41,5: UNREGISTERED
905.487529,49,5: UNREGISTERED
905.487562,9,5: UNREGISTERED
905.487565,24,5: UNREGISTERED
905.487567,16,5: UNREGISTERED
905.487570,32,5: UNREGISTERED
905.487622,48,5: UNREGISTERED
905.487642,1,5: UNREGISTERED
905.487661,8,5: UNREGISTERED
905.487702,0,5: UNREGISTERED
905.487706,2,5: UNREGISTERED
905.487780,3,5: UNREGISTERED
910.487429,34,5: UNREGISTERED
910.487497,33,5: UNREGISTERED
910.487581,40,5: UNREGISTERED
920.487283,36,5: UNREGISTERED
925.487207,29,5: UNREGISTERED
925.487246,45,5: UNREGISTERED
925.487249,37,5: UNREGISTERED
925.487298,36,5: UNREGISTERED
925.487300,46,5: UNREGISTERED
925.487341,38,5: UNREGISTERED
925.487358,44,5: UNREGISTERED
925.487359,35,5: UNREGISTERED
925.487375,47,5: UNREGISTERED
925.487398,39,5: UNREGISTERED
925.487406,19,5: UNREGISTERED
925.487412,26,5: UNREGISTERED
925.487427,31,5: UNREGISTERED
925.487430,18,5: UNREGISTERED
925.487435,43,5: UNREGISTERED
925.487445,42,5: UNREGISTERED
925.487471,25,5: UNREGISTERED
925.487485,10,5: UNREGISTERED
925.487495,11,5: UNREGISTERED
925.487499,17,5: UNREGISTERED
925.487521,41,5: UNREGISTERED
925.487529,49,5: UNREGISTERED
925.487562,9,5: UNREGISTERED
925.487565,24,5: UNREGISTERED
925.487567,16,5: UNREGISTERED
925.487570,32,5: UNREGISTERED
925.487622,48,5: UNREGISTERED
925.487642,1,5: UNREGISTERED
925.487661,8,5: UNREGISTERED
925.487702,0,5: UNREGISTERED
925.487706,2,5: UNREGISTERED
925.487780,3,5: UNREGISTERED
930.487164,37,5: UNREGISTERED
930.487429,34,5: UNREGISTERED
930.487497,33,5: UNREGISTERED
930.487581,40,5: UNREGISTERED
935.487335,27,5: UNREGISTERED
945.487246,45,5: UNREGISTERED
945.487249,37,5: UNREGISTERED
945.487283,36,5: UNREGISTERED
945.487298,36,5: UNREGISTERED
945.487300,46,5: UNREGISTERED
945.487341,38,5: UNREGISTERED
945.487358,44,5: UNREGISTERED
945.487359,35,5: UNREGISTERED
945.487367,29,4: REGISTERED
945.487375,47,5: UNREGISTERED
945.487398,39,5: UNREGISTERED
945.487406,19,5: UNREGISTERED
945.487412,26,5: UNREGISTERED
945.487427,31,5: UNREGISTERED
945.487430,18,5: UNREGISTERED
945.487435,43,5: UNREGISTERED
945.487445,42,5: UNREGISTERED
945.487471,25,5: UNREGISTERED
945.487485,10,5: UNREGISTERED
945.487495,11,5: UNREGISTERED
945.487499,17,5: UNREGISTERED
945.487521,41,5: UNREGISTERED
945.487529,49,5: UNREGISTERED
945.487562,9,5: UNREGISTERED
945.487565,24,5: UNREGISTERED
945.487567,16,5: UNREGISTERED
945.487570,32,5: UNREGISTERED
945.487622,48,5: UNREGISTERED
945.487642,1,5: UNREGISTERED
945.487661,8,5: UNREGISTERED
945.487702,0,5: UNREGISTERED
945.487706,2,5: UNREGISTERED
945.487780,3,5: UNREGISTERED
950.487429,34,5: UNREGISTERED
950.487497,33,5: UNREGISTERED
950.487581,40,5: UNREGISTERED
950.487667,30,2: CLUSTER_HEAD
950.487678,29,2: CLUSTER_HEAD
950.487720,37,4: REGISTERED
960.487335,27,5: UNREGISTERED
965.487300,46,5: UNREGISTERED
965.487341,38,5: UNREGISTERED
965.487359,35,5: UNREGISTERED
965.487375,47,5: UNREGISTERED
965.487398,39,5: UNREGISTERED
965.487406,19,5: UNREGISTERED
965.487412,26,5: UNREGISTERED
965.487427,31,5: UNREGISTERED
965.487430,18,5: UNREGISTERED
965.487435,43,5: UNREGISTERED
965.487445,42,5: UNREGISTERED
965.487466,36,4: REGISTERED
965.487471,25,5: UNREGISTERED
965.487485,10,5: UNREGISTERED
965.487495,11,5: UNREGISTERED
965.487499,17,5: UNREGISTERED
965.487521,41,5: UNREGISTERED
965.487529,49,5: UNREGISTERED
965.487562,9,5: UNREGISTERED
965.487565,24,5: UNREGISTERED
965.487567,16,5: UNREGISTERED
965.487570,32,5: UNREGISTERED
965.487622,48,5: UNREGISTERED
965.487642,1,5: UNREGISTERED
965.487661,8,5: UNREGISTERED
965.487702,0,5: UNREGISTERED
965.487706,2,5: UNREGISTERED
965.487780,3,5: UNREGISTERED
970.487246,45,5: UNREGISTERED
970.487429,34,5: UNREGISTERED
970.487497,33,5: UNREGISTERED
970.487581,40,5: UNREGISTERED
980.487358,44,5: UNREGISTERED
985.487300,46,5: UNREGISTERED
985.487341,38,5: UNREGISTERED
985.487375,47,5: UNREGISTERED
985.487398,39,5: UNREGISTERED
985.487406,19,5: UNREGISTERED
985.487412,26,5: UNREGISTERED
985.487427,31,5: UNREGISTERED
985.487430,18,5: UNREGISTERED
985.487435,43,5: UNREGISTERED
985.487445,42,5: UNREGISTERED
985.487471,25,5: UNREGISTERED
985.487485,10,5: UNREGISTERED
985.487495,11,5: UNREGISTERED
985.487499,17,5: UNREGISTERED
985.487521,41,5: UNREGISTERED
985.487529,49,5: UNREGISTERED
985.487562,9,5: UNREGISTERED
985.487565,24,5: UNREGISTERED
985.487567,16,5: UNREGISTERED
985.487570,32,5: UNREGISTERED
985.487622,48,5: UNREGISTERED
985.487642,1,5: UNREGISTERED
985.487661,8,5: UNREGISTERED
985.487702,0,5: UNREGISTERED
985.487706,2,5: UNREGISTERED
985.487780,3,5: UNREGISTERED
990.487335,27,5: UNREGISTERED
990.487359,35,5: UNREGISTERED
990.487429,34,5: UNREGISTERED
990.487497,33,5: UNREGISTERED
990.487581,40,5: UNREGISTERED
995.487246,45,5: UNREGISTERED
1005.487300,46,5: UNREGISTERED
1005.487341,38,5: UNREGISTERED
1005.487375,47,5: UNREGISTERED
1005.487398,39,5: UNREGISTERED
1005.487406,19,5: UNREGISTERED
1005.487412,26,5: UNREGISTERED
1005.487427,31,5: UNREGISTERED
1005.487430,18,5: UNREGISTERED
1005.487435,43,5: UNREGISTERED
1005.487445,42,5: UNREGISTERED
1005.487471,25,5: UNREGISTERED
1005.487485,10,5: UNREGISTERED
1005.487495,11,5: UNREGISTERED
1005.487499,17,5: UNREGISTERED
1005.487521,41,5: UNREGISTERED
1005.487529,49,5: UNREGISTERED
1005.487562,9,5: UNREGISTERED
1005.487565,24,5: UNREGISTERED
1005.487567,16,5: UNREGISTERED
1005.487570,32,5: UNREGISTERED
1005.487622,48,5: UNREGISTERED
1005.487642,1,5: UNREGISTERED
1005.487661,8,5: UNREGISTERED
1005.487702,0,5: UNREGISTERED
1005.487706,2,5: UNREGISTERED
1005.487780,3,5: UNREGISTERED
1010.487358,44,5: UNREGISTERED
1010.487429,34,5: UNREGISTERED
1010.487497,33,5: UNREGISTERED
1010.487581,40,5: UNREGISTERED
1020.487246,45,5: UNREGISTERED
1020.487335,27,5: UNREGISTERED
1020.487359,35,5: UNREGISTERED
1025.487300,46,5: UNREGISTERED
1025.487341,38,5: UNREGISTERED
1025.487375,47,5: UNREGISTERED
1025.487398,39,5: UNREGISTERED
1025.487406,19,5: UNREGISTERED
1025.487412,26,5: UNREGISTERED
1025.487427,31,5: UNREGISTERED
1025.487430,18,5: UNREGISTERED
1025.487435,43,5: UNREGISTERED
1025.487445,42,5: UNREGISTERED
1025.487471,25,5: UNREGISTERED
1025.487485,10,5: UNREGISTERED
1025.487495,11,5: UNREGISTERED
1025.487499,17,5: UNREGISTERED
1025.487521,41,5: UNREGISTERED
1025.487529,49,5: UNREGISTERED
1025.487562,9,5: UNREGISTERED
1025.487565,24,5: UNREGISTERED
1025.487567,16,5: UNREGISTERED
1025.487570,32,5: UNREGISTERED
1025.487622,48,5: UNREGISTERED
1025.487642,1,5: UNREGISTERED
1025.487661,8,5: UNREGISTERED
1025.487702,0,5: UNREGISTERED
1025.487706,2,5: UNREGISTERED
1025.487780,3,5: UNREGISTERED
1030.487429,34,5: UNREGISTERED
1030.487497,33,5: UNREGISTERED
1030.487581,40,5: UNREGISTERED
1040.487358,44,5: UNREGISTERED
1045.487300,46,5: UNREGISTERED
1045.487341,38,5: UNREGISTERED
1045.487375,47,5: UNREGISTERED
1045.487398,39,5: UNREGISTERED
1045.487406,19,5: UNREGISTERED
1045.487412,26,5: UNREGISTERED
1045.487427,31,5: UNREGISTERED
1045.487430,18,5: UNREGISTERED
1045.487435,43,5: UNREGISTERED
1045.487445,42,5: UNREGISTERED
1045.487471,25,5: UNREGISTERED
1045.487485,10,5: UNREGISTERED
1045.487495,11,5: UNREGISTERED
1045.487499,17,5: UNREGISTERED
1045.487521,41,5: UNREGISTERED
1045.487529,49,5: UNREGISTERED
1045.487562,9,5: UNREGISTERED
1045.487565,24,5: UNREGISTERED
1045.487567,16,5: UNREGISTERED
1045.487570,32,5: UNREGISTERED
1045.487622,48,5: UNREGISTERED
1045.487642,1,5: UNREGISTERED
1045.487661,8,5: UNREGISTERED
1045.487702,0,5: UNREGISTERED
1045.487706,2,5: UNREGISTERED
1045.487780,3,5: UNREGISTERED
1050.487246,45,5: UNREGISTERED
1050.487335,27,5: UNREGISTERED
1050.487359,35,5: UNREGISTERED
1050.487429,34,5: UNREGISTERED
1050.487497,33,5: UNREGISTERED
1050.487581,40,5: UNREGISTERED
1050.487667,30,5: UNREGISTERED
1065.487300,46,5: UNREGISTERED
1065.487341,38,5: UNREGISTERED
1065.487375,47,5: UNREGISTERED
1065.487398,39,5: UNREGISTERED
1065.487406,19,5: UNREGISTERED
1065.487412,26,5: UNREGISTERED
1065.487427,31,5: UNREGISTERED
1065.487430,18,5: UNREGISTERED
1065.487435,43,5: UNREGISTERED
1065.487445,42,5: UNREGISTERED
1065.487471,25,5: UNREGISTERED
1065.487485,10,5: UNREGISTERED
1065.487495,11,5: UNREGISTERED
1065.487499,17,5: UNREGISTERED
1065.487521,41,5: UNREGISTERED
1065.487529,49,5: UNREGISTERED
1065.487562,9,5: UNREGISTERED
1065.487565,24,5: UNREGISTERED
1065.487567,16,5: UNREGISTERED
1065.487570,32,5: UNREGISTERED
1065.487622,48,5: UNREGISTERED
1065.487642,1,5: UNREGISTERED
1065.487661,8,5: UNREGISTERED
1065.487702,0,5: UNREGISTERED
1065.487706,2,5: UNREGISTERED
1065.487780,3,5: UNREGISTERED
1070.487429,34,5: UNREGISTERED
1070.487497,33,5: UNREGISTERED
1070.487581,40,5: UNREGISTERED
1070.487805,30,4: REGISTERED
1075.487246,45,5: UNREGISTERED
1075.487358,44,5: UNREGISTERED
1075.487359,35,5: UNREGISTERED
1085.487300,46,5: UNREGISTERED
1085.487335,27,5: UNREGISTERED
1085.487341,38,5: UNREGISTERED
1085.487375,47,5: UNREGISTERED
1085.487398,39,5: UNREGISTERED
1085.487406,19,5: UNREGISTERED
1085.487412,26,5: UNREGISTERED
1085.487427,31,5: UNREGISTERED
1085.487430,18,5: UNREGISTERED
1085.487435,43,5: UNREGISTERED
1085.487445,42,5: UNREGISTERED
1085.487471,25,5: UNREGISTERED
1085.487485,10,5: UNREGISTERED
1085.487495,11,5: UNREGISTERED
1085.487499,17,5: UNREGISTERED
1085.487521,41,5: UNREGISTERED
1085.487529,49,5: UNREGISTERED
1085.487562,9,5: UNREGISTERED
1085.487565,24,5: UNREGISTERED
1085.487567,16,5: UNREGISTERED
1085.487570,32,5: UNREGISTERED
1085.487622,48,5: UNREGISTERED
1085.487642,1,5: UNREGISTERED
1085.487661,8,5: UNREGISTERED
1085.487702,0,5: UNREGISTERED
1085.487706,2,5: UNREGISTERED
1085.487780,3,5: UNREGISTERED
1090.487429,34,5: UNREGISTERED
1090.487497,33,5: UNREGISTERED
1090.487581,40,5: UNREGISTERED
1100.487246,45,5: UNREGISTERED
1100.487359,35,5: UNREGISTERED
1105.487300,46,5: UNREGISTERED
1105.487341,38,5: UNREGISTERED
1105.487375,47,5: UNREGISTERED
1105.487398,39,5: UNREGISTERED
1105.487406,19,5: UNREGISTERED
1105.487412,26,5: UNREGISTERED
1105.487427,31,5: UNREGISTERED
1105.487430,18,5: UNREGISTERED
1105.487435,43,5: UNREGISTERED
1105.487445,42,5: UNREGISTERED
1105.487471,25,5: UNREGISTERED
1105.487485,10,5: UNREGISTERED
1105.487495,11,5: UNREGISTERED
1105.487499,17,5: UNREGISTERED
1105.487521,41,5: UNREGISTERED
1105.487529,49,5: UNREGISTERED
1105.487562,9,5: UNREGISTERED
1105.487565,24,5: UNREGISTERED
1105.487567,16,5: UNREGISTERED
1105.487570,32,5: UNREGISTERED
1105.487622,48,5: UNREGISTERED
1105.487642,1,5: UNREGISTERED
1105.487661,8,5: UNREGISTERED
1105.487702,0,5: UNREGISTERED
1105.487706,2,5: UNREGISTERED
1105.487780,3,5: UNREGISTERED
1110.487429,34,5: UNREGISTERED
1110.487497,33,5: UNREGISTERED
1110.487581,40,5: UNREGISTERED
1115.487335,27,5: UNREGISTERED
1115.487358,44,5: UNREGISTERED
1125.487246,45,5: UNREGISTERED
1125.487300,46,5: UNREGISTERED
1125.487341,38,5: UNREGISTERED
1125.487359,35,5: UNREGISTERED
1125.487375,47,5: UNREGISTERED
1125.487398,39,5: UNREGISTERED
1125.487406,19,5: UNREGISTERED
1125.487412,26,5: UNREGISTERED
1125.487427,31,5: UNREGISTERED
1125.487430,18,5: UNREGISTERED
1125.487435,43,5: UNREGISTERED
1125.487445,42,5: UNREGISTERED
1125.487471,25,5: UNREGISTERED
1125.487485,10,5: UNREGISTERED
1125.487495,11,5: UNREGISTERED
1125.487499,17,5: UNREGISTERED
1125.487521,41,5: UNREGISTERED
1125.487529,49,5: UNREGISTERED
1125.487562,9,5: UNREGISTERED
1125.487565,24,5: UNREGISTERED
1125.487567,16,5: UNREGISTERED
1125.487570,32,5: UNREGISTERED
1125.487622,48,5: UNREGISTERED
1125.487642,1,5: UNREGISTERED
1125.487661,8,5: UNREGISTERED
1125.487702,0,5: UNREGISTERED
1125.487706,2,5: UNREGISTERED
1125.487780,3,5: UNREGISTERED
1130.487429,34,5: UNREGISTERED
1130.487497,33,5: UNREGISTERED
1130.487581,40,5: UNREGISTERED
1145.487300,46,5: UNREGISTERED
1145.487341,38,5: UNREGISTERED
1145.487375,47,5: UNREGISTERED
1145.487398,39,5: UNREGISTERED
1145.487406,19,5: UNREGISTERED
1145.487412,26,5: UNREGISTERED
1145.487427,31,5: UNREGISTERED
1145.487430,18,5: UNREGISTERED
1145.487435,43,5: UNREGISTERED
1145.487445,42,5: UNREGISTERED
1145.487471,25,5: UNREGISTERED
1145.487485,10,5: UNREGISTERED
1145.487495,11,5: UNREGISTERED
1145.487499,17,5: UNREGISTERED
1145.487521,41,5: UNREGISTERED
1145.487529,49,5: UNREGISTERED
1145.487562,9,5: UNREGISTERED
1145.487565,24,5: UNREGISTERED
1145.487567,16,5: UNREGISTERED
1145.487570,32,5: UNREGISTERED
1145.487622,48,5: UNREGISTERED
1145.487642,1,5: UNREGISTERED
1145.487661,8,5: UNREGISTERED
1145.487702,0,5: UNREGISTERED
1145.487706,2,5: UNREGISTERED
1145.487780,3,5: UNREGISTERED
1150.487246,45,5: UNREGISTERED
1150.487335,27,5: UNREGISTERED
1150.487359,35,5: UNREGISTERED
1150.487429,34,5: UNREGISTERED
1150.487497,33,5: UNREGISTERED
1150.487581,40,5: UNREGISTERED
1165.487300,46,5: UNREGISTERED
1165.487341,38,5: UNREGISTERED
1165.487358,44,5: UNREGISTERED
1165.487375,47,5: UNREGISTERED
1165.487398,39,5: UNREGISTERED
1165.487406,19,5: UNREGISTERED
1165.487412,26,5: UNREGISTERED
1165.487427,31,5: UNREGISTERED
1165.487430,18,5: UNREGISTERED
1165.487435,43,5: UNREGISTERED
1165.487445,42,5: UNREGISTERED
1165.487471,25,5: UNREGISTERED
1165.487485,10,5: UNREGISTERED
1165.487495,11,5: UNREGISTERED
1165.487499,17,5: UNREGISTERED
1165.487521,41,5: UNREGISTERED
1165.487529,49,5: UNREGISTERED
1165.487562,9,5: UNREGISTERED
1165.487565,24,5: UNREGISTERED
1165.487567,16,5: UNREGISTERED
1165.487570,32,5: UNREGISTERED
1165.487622,48,5: UNREGISTERED
1165.487642,1,5: UNREGISTERED
1165.487661,8,5: UNREGISTERED
1165.487702,0,5: UNREGISTERED
1165.487706,2,5: UNREGISTERED
1165.487780,3,5: UNREGISTERED
1170.487429,34,5: UNREGISTERED
1170.487497,33,5: UNREGISTERED
1170.487581,40,5: UNREGISTERED
1170.487884,37,2: CLUSTER_HEAD
1170.487964,44,4: REGISTERED
1170.487966,45,4: REGISTERED
1170.488088,36,2: CLUSTER_HEAD
1170.488163,35,4: REGISTERED
1170.488183,27,4: REGISTERED
1185.487375,47,5: UNREGISTERED
1185.487398,39,5: UNREGISTERED
1185.487427,31,5: UNREGISTERED
1185.487471,25,5: UNREGISTERED
1185.487485,10,5: UNREGISTERED
1185.487495,11,5: UNREGISTERED
1185.487499,17,5: UNREGISTERED
1185.487521,41,5: UNREGISTERED
1185.487529,49,5: UNREGISTERED
1185.487562,9,5: UNREGISTERED
1185.487565,24,5: UNREGISTERED
1185.487567,16,5: UNREGISTERED
1185.487570,32,5: UNREGISTERED
1185.487622,48,5: UNREGISTERED
1185.487642,1,5: UNREGISTERED
1185.487661,8,5: UNREGISTERED
1185.487702,0,5: UNREGISTERED
1185.487706,2,5: UNREGISTERED
1185.487780,3,5: UNREGISTERED
1185.488074,45,2: CLUSTER_HEAD
1185.488128,46,4: REGISTERED
1185.488169,38,4: REGISTERED
1185.488315,35,2: CLUSTER_HEAD
1185.488322,27,2: CLUSTER_HEAD
1185.488391,43,4: REGISTERED
1185.488393,19,4: REGISTERED
1185.488399,26,4: REGISTERED
1185.488401,42,4: REGISTERED
1185.488417,18,4: REGISTERED
1190.487497,33,5: UNREGISTERED
1190.487551,34,4: REGISTERED
1190.487581,40,5: UNREGISTERED
1205.487562,9,5: UNREGISTERED
1205.487565,24,5: UNREGISTERED
1205.487567,16,5: UNREGISTERED
1205.487570,32,5: UNREGISTERED
1205.487622,48,5: UNREGISTERED
1205.487642,1,5: UNREGISTERED
1205.487661,8,5: UNREGISTERED
1205.487702,0,5: UNREGISTERED
1205.487706,2,5: UNREGISTERED
1205.487780,3,5: UNREGISTERED
1205.488278,46,2: CLUSTER_HEAD
1205.488352,47,4: REGISTERED
1205.488365,38,2: CLUSTER_HEAD
1205.488422,39,4: REGISTERED
1205.488450,31,4: REGISTERED
1205.488530,26,2: CLUSTER_HEAD
1205.488573,42,2: CLUSTER_HEAD
1205.488575,18,2: CLUSTER_HEAD
1205.488589,25,4: REGISTERED
1205.488631,10,4: REGISTERED
1205.488641,11,4: REGISTERED
1205.488645,17,4: REGISTERED
1205.488649,41,4: REGISTERED
1205.488658,49,4: REGISTERED
1210.488492,34,2: CLUSTER_HEAD
1210.488560,33,4: REGISTERED
1210.488771,41,2: CLUSTER_HEAD
1210.488833,40,4: REGISTERED
1225.487642,1,5: UNREGISTERED
1225.487661,8,5: UNREGISTERED
1225.487702,0,5: UNREGISTERED
1225.487706,2,5: UNREGISTERED
1225.487780,3,5: UNREGISTERED
1225.488705,33,2: CLUSTER_HEAD
1225.488777,25,2: CLUSTER_HEAD
1225.488777,32,4: REGISTERED
1225.488798,17,2: CLUSTER_HEAD
1225.488860,49,2: CLUSTER_HEAD
1225.488861,9,4: REGISTERED
1225.488871,24,4: REGISTERED
1225.488872,16,4: REGISTERED
1225.488952,48,4: REGISTERED
1245.487702,0,5: UNREGISTERED
1245.487706,2,5: UNREGISTERED
1245.487780,3,5: UNREGISTERED
1245.489021,9,2: CLUSTER_HEAD
1245.489100,1,4: REGISTERED
1245.489119,8,4: REGISTERED
1250.487861,29,3: ROUTER
1265.487780,3,5: UNREGISTERED
1265.489221,1,2: CLUSTER_HEAD
1265.489281,0,4: REGISTERED
1265.489285,2,4: REGISTERED
1270.488048,37,3: ROUTER
1270.488279,36,3: ROUTER
1285.488182,45,3: ROUTER
1285.488487,35,3: ROUTER
1285.488511,27,3: ROUTER
1285.489442,2,2: CLUSTER_HEAD
1285.489516,3,4: REGISTERED
1305.488688,26,3: ROUTER
1305.488714,18,3: ROUTER
1305.488725,42,3: ROUTER
1310.488628,34,3: ROUTER
1325.488924,17,3: ROUTER
1345.489180,9,3: ROUTER
1350.487861,29,5: UNREGISTERED
1350.487903,37,5: UNREGISTERED
1350.487952,36,5: UNREGISTERED
1350.487982,44,5: UNREGISTERED
1350.487985,45,5: UNREGISTERED
1350.488027,35,5: UNREGISTERED
1350.488039,46,5: UNREGISTERED
1350.488048,27,5: UNREGISTERED
1350.488080,38,5: UNREGISTERED
1350.488088,34,5: UNREGISTERED
1350.488103,43,5: UNREGISTERED
1350.488113,42,5: UNREGISTERED
1350.488114,47,5: UNREGISTERED
1350.488118,19,5: UNREGISTERED
1350.488125,26,5: UNREGISTERED
1350.488137,39,5: UNREGISTERED
1350.488142,18,5: UNREGISTERED
1350.488156,33,5: UNREGISTERED
1350.488165,31,5: UNREGISTERED
1350.488184,25,5: UNREGISTERED
1350.488189,41,5: UNREGISTERED
1350.488198,10,5: UNREGISTERED
1350.488198,49,5: UNREGISTERED
1350.488207,11,5: UNREGISTERED
1350.488211,17,5: UNREGISTERED
1350.488229,32,5: UNREGISTERED
1350.488251,40,5: UNREGISTERED
1350.488275,9,5: UNREGISTERED
1350.488278,24,5: UNREGISTERED
1350.488279,16,5: UNREGISTERED
1350.488290,48,5: UNREGISTERED
1350.488354,1,5: UNREGISTERED
1350.488373,8,5: UNREGISTERED
1350.488415,0,5: UNREGISTERED
1350.488419,2,5: UNREGISTERED
1350.488493,3,5: UNREGISTERED
1370.487903,37,5: UNREGISTERED
1370.487982,44,5: UNREGISTERED
1370.487985,45,5: UNREGISTERED
1370.488021,29,4: REGISTERED
1370.488027,35,5: UNREGISTERED
1370.488039,46,5: UNREGISTERED
1370.488080,38,5: UNREGISTERED
1370.488088,34,5: UNREGISTERED
1370.488103,43,5: UNREGISTERED
1370.488113,42,5: UNREGISTERED
1370.488114,47,5: UNREGISTERED
1370.488118,19,5: UNREGISTERED
1370.488125,26,5: UNREGISTERED
1370.488137,39,5: UNREGISTERED
1370.488142,18,5: UNREGISTERED
1370.488156,33,5: UNREGISTERED
1370.488165,31,5: UNREGISTERED
1370.488184,25,5: UNREGISTERED
1370.488189,41,5: UNREGISTERED
1370.488198,10,5: UNREGISTERED
1370.488198,49,5: UNREGISTERED
1370.488207,11,5: UNREGISTERED
1370.488211,17,5: UNREGISTERED
1370.488229,32,5: UNREGISTERED
1370.488251,40,5: UNREGISTERED
1370.488275,9,5: UNREGISTERED
1370.488278,24,5: UNREGISTERED
1370.488279,16,5: UNREGISTERED
1370.488290,48,5: UNREGISTERED
1370.488354,1,5: UNREGISTERED
1370.488373,8,5: UNREGISTERED
1370.488415,0,5: UNREGISTERED
1370.488419,2,5: UNREGISTERED
1370.488493,3,5: UNREGISTERED
1375.488048,27,5: UNREGISTERED
1385.487952,36,5: UNREGISTERED
1390.487982,44,5: UNREGISTERED
1390.487985,45,5: UNREGISTERED
1390.488027,35,5: UNREGISTERED
1390.488039,46,5: UNREGISTERED
1390.488080,38,5: UNREGISTERED
1390.488088,34,5: UNREGISTERED
1390.488103,43,5: UNREGISTERED
1390.488113,42,5: UNREGISTERED
1390.488114,47,5: UNREGISTERED
1390.488118,19,5: UNREGISTERED
1390.488125,26,5: UNREGISTERED
1390.488137,39,5: UNREGISTERED
1390.488142,18,5: UNREGISTERED
1390.488156,33,5: UNREGISTERED
1390.488165,31,5: UNREGISTERED
1390.488184,25,5: UNREGISTERED
1390.488189,41,5: UNREGISTERED
1390.488198,10,5: UNREGISTERED
1390.488198,49,5: UNREGISTERED
1390.488207,11,5: UNREGISTERED
1390.488211,17,5: UNREGISTERED
1390.488229,32,5: UNREGISTERED
1390.488251,40,5: UNREGISTERED
1390.488275,9,5: UNREGISTERED
1390.488278,24,5: UNREGISTERED
1390.488279,16,5: UNREGISTERED
1390.488290,48,5: UNREGISTERED
1390.488354,1,5: UNREGISTERED
1390.488373,8,5: UNREGISTERED
1390.488415,0,5: UNREGISTERED
1390.488419,2,5: UNREGISTERED
1390.488493,3,5: UNREGISTERED
1395.487903,37,5: UNREGISTERED
1400.488048,27,5: UNREGISTERED
1410.487982,44,5: UNREGISTERED
1410.487985,45,5: UNREGISTERED
1410.488027,35,5: UNREGISTERED
1410.488039,46,5: UNREGISTERED
1410.488080,38,5: UNREGISTERED
1410.488088,34,5: UNREGISTERED
1410.488103,43,5: UNREGISTERED
1410.488113,42,5: UNREGISTERED
1410.488114,47,5: UNREGISTERED
1410.488118,19,5: UNREGISTERED
1410.488125,26,5: UNREGISTERED
1410.488137,39,5: UNREGISTERED
1410.488142,18,5: UNREGISTERED
1410.488156,33,5: UNREGISTERED
1410.488165,31,5: UNREGISTERED
1410.488184,25,5: UNREGISTERED
1410.488189,41,5: UNREGISTERED
1410.488198,10,5: UNREGISTERED
1410.488198,49,5: UNREGISTERED
1410.488207,11,5: UNREGISTERED
1410.488211,17,5: UNREGISTERED
1410.488229,32,5: UNREGISTERED
1410.488251,40,5: UNREGISTERED
1410.488275,9,5: UNREGISTERED
1410.488278,24,5: UNREGISTERED
1410.488279,16,5: UNREGISTERED
1410.488290,48,5: UNREGISTERED
1410.488354,1,5: UNREGISTERED
1410.488373,8,5: UNREGISTERED
1410.488415,0,5: UNREGISTERED
1410.488419,2,5: UNREGISTERED
1410.488493,3,5: UNREGISTERED
1420.487903,37,5: UNREGISTERED
1420.487952,36,5: UNREGISTERED
1430.487982,44,5: UNREGISTERED
1430.487985,45,5: UNREGISTERED
1430.488027,35,5: UNREGISTERED
1430.488039,46,5: UNREGISTERED
1430.488048,27,5: UNREGISTERED
1430.488080,38,5: UNREGISTERED
1430.488088,34,5: UNREGISTERED
1430.488103,43,5: UNREGISTERED
1430.488113,42,5: UNREGISTERED
1430.488114,47,5: UNREGISTERED
1430.488118,19,5: UNREGISTERED
1430.488125,26,5: UNREGISTERED
1430.488137,39,5: UNREGISTERED
1430.488142,18,5: UNREGISTERED
1430.488156,33,5: UNREGISTERED
1430.488165,31,5: UNREGISTERED
1430.488184,25,5: UNREGISTERED
1430.488189,41,5: UNREGISTERED
1430.488198,10,5: UNREGISTERED
1430.488198,49,5: UNREGISTERED
1430.488207,11,5: UNREGISTERED
1430.488211,17,5: UNREGISTERED
1430.488229,32,5: UNREGISTERED
1430.488251,40,5: UNREGISTERED
1430.488275,9,5: UNREGISTERED
1430.488278,24,5: UNREGISTERED
1430.488279,16,5: UNREGISTERED
1430.488290,48,5: UNREGISTERED
1430.488354,1,5: UNREGISTERED
1430.488373,8,5: UNREGISTERED
1430.488415,0,5: UNREGISTERED
1430.488419,2,5: UNREGISTERED
1430.488493,3,5: UNREGISTERED
1450.487903,37,5: UNREGISTERED
1450.487982,44,5: UNREGISTERED
1450.487985,45,5: UNREGISTERED
1450.488027,35,5: UNREGISTERED
1450.488039,46,5: UNREGISTERED
1450.488080,38,5: UNREGISTERED
1450.488088,34,5: UNREGISTERED
1450.488103,43,5: UNREGISTERED
1450.488113,42,5: UNREGISTERED
1450.488114,47,5: UNREGISTERED
1450.488118,19,5: UNREGISTERED
1450.488125,26,5: UNREGISTERED
1450.488137,39,5: UNREGISTERED
1450.488142,18,5: UNREGISTERED
1450.488156,33,5: UNREGISTERED
1450.488165,31,5: UNREGISTERED
1450.488184,25,5: UNREGISTERED
1450.488189,41,5: UNREGISTERED
1450.488198,10,5: UNREGISTERED
1450.488198,49,5: UNREGISTERED
1450.488207,11,5: UNREGISTERED
1450.488211,17,5: UNREGISTERED
1450.488229,32,5: UNREGISTERED
1450.488251,40,5: UNREGISTERED
1450.488275,9,5: UNREGISTERED
1450.488278,24,5: UNREGISTERED
1450.488279,16,5: UNREGISTERED
1450.488290,48,5: UNREGISTERED
1450.488354,1,5: UNREGISTERED
1450.488373,8,5: UNREGISTERED
1450.488415,0,5: UNREGISTERED
1450.488419,2,5: UNREGISTERED
1450.488493,3,5: UNREGISTERED
1455.488048,27,5: UNREGISTERED
1470.487952,36,5: UNREGISTERED
1470.487982,44,5: UNREGISTERED
1470.487985,45,5: UNREGISTERED
1470.488027,35,5: UNREGISTERED
1470.488039,46,5: UNREGISTERED
1470.488080,38,5: UNREGISTERED
1470.488088,34,5: UNREGISTERED
1470.488103,43,5: UNREGISTERED
1470.488113,42,5: UNREGISTERED
1470.488114,47,5: UNREGISTERED
1470.488118,19,5: UNREGISTERED
1470.488125,26,5: UNREGISTERED
1470.488137,39,5: UNREGISTERED
1470.488142,18,5: UNREGISTERED
1470.488156,33,5: UNREGISTERED
1470.488165,31,5: UNREGISTERED
1470.488184,25,5: UNREGISTERED
1470.488189,41,5: UNREGISTERED
1470.488198,10,5: UNREGISTERED
1470.488198,49,5: UNREGISTERED
1470.488207,11,5: UNREGISTERED
1470.488211,17,5: UNREGISTERED
1470.488229,32,5: UNREGISTERED
1470.488251,40,5: UNREGISTERED
1470.488275,9,5: UNREGISTERED
1470.488278,24,5: UNREGISTERED
1470.488279,16,5: UNREGISTERED
1470.488290,48,5: UNREGISTERED
1470.488354,1,5: UNREGISTERED
1470.488373,8,5: UNREGISTERED
1470.488415,0,5: UNREGISTERED
1470.488419,2,5: UNREGISTERED
1470.488493,3,5: UNREGISTERED
1480.487903,37,5: UNREGISTERED
1480.488048,27,5: UNREGISTERED
1490.487982,44,5: UNREGISTERED
1490.487985,45,5: UNREGISTERED
1490.488027,35,5: UNREGISTERED
1490.488039,46,5: UNREGISTERED
1490.488080,38,5: UNREGISTERED
1490.488088,34,5: UNREGISTERED
1490.488103,43,5: UNREGISTERED
1490.488113,42,5: UNREGISTERED
1490.488114,47,5: UNREGISTERED
1490.488118,19,5: UNREGISTERED
1490.488125,26,5: UNREGISTERED
1490.488137,39,5: UNREGISTERED
1490.488142,18,5: UNREGISTERED
1490.488156,33,5: UNREGISTERED
1490.488165,31,5: UNREGISTERED
1490.488184,25,5: UNREGISTERED
1490.488189,41,5: UNREGISTERED
1490.488198,10,5: UNREGISTERED
1490.488198,49,5: UNREGISTERED
1490.488207,11,5: UNREGISTERED
1490.488211,17,5: UNREGISTERED
1490.488229,32,5: UNREGISTERED
1490.488251,40,5: UNREGISTERED
1490.488275,9,5: UNREGISTERED
1490.488278,24,5: UNREGISTERED
1490.488279,16,5: UNREGISTERED
1490.488290,48,5: UNREGISTERED
1490.488354,1,5: UNREGISTERED
1490.488373,8,5: UNREGISTERED
1490.488415,0,5: UNREGISTERED
1490.488419,2,5: UNREGISTERED
1490.488493,3,5: UNREGISTERED
1500.487952,36,5: UNREGISTERED
1510.487903,37,5: UNREGISTERED
1510.487982,44,5: UNREGISTERED
1510.487985,45,5: UNREGISTERED
1510.488027,35,5: UNREGISTERED
1510.488039,46,5: UNREGISTERED
1510.488048,27,5: UNREGISTERED
1510.488080,38,5: UNREGISTERED
1510.488088,34,5: UNREGISTERED
1510.488103,43,5: UNREGISTERED
1510.488113,42,5: UNREGISTERED
1510.488114,47,5: UNREGISTERED
1510.488118,19,5: UNREGISTERED
1510.488125,26,5: UNREGISTERED
1510.488137,39,5: UNREGISTERED
1510.488142,18,5: UNREGISTERED
1510.488156,33,5: UNREGISTERED
1510.488165,31,5: UNREGISTERED
1510.488184,25,5: UNREGISTERED
1510.488189,41,5: UNREGISTERED
1510.488198,10,5: UNREGISTERED
1510.488198,49,5: UNREGISTERED
1510.488207,11,5: UNREGISTERED
1510.488211,17,5: UNREGISTERED
1510.488229,32,5: UNREGISTERED
1510.488251,40,5: UNREGISTERED
1510.488275,9,5: UNREGISTERED
1510.488278,24,5: UNREGISTERED
1510.488279,16,5: UNREGISTERED
1510.488290,48,5: UNREGISTERED
1510.488354,1,5: UNREGISTERED
1510.488373,8,5: UNREGISTERED
1510.488415,0,5: UNREGISTERED
1510.488419,2,5: UNREGISTERED
1510.488493,3,5: UNREGISTERED
1530.487982,44,5: UNREGISTERED
1530.487985,45,5: UNREGISTERED
1530.488027,35,5: UNREGISTERED
1530.488039,46,5: UNREGISTERED
1530.488080,38,5: UNREGISTERED
1530.488088,34,5: UNREGISTERED
1530.488103,43,5: UNREGISTERED
1530.488113,42,5: UNREGISTERED
1530.488114,47,5: UNREGISTERED
1530.488118,19,5: UNREGISTERED
1530.488125,26,5: UNREGISTERED
1530.488137,39,5: UNREGISTERED
1530.488142,18,5: UNREGISTERED
1530.488156,33,5: UNREGISTERED
1530.488165,31,5: UNREGISTERED
1530.488184,25,5: UNREGISTERED
1530.488189,41,5: UNREGISTERED
1530.488198,10,5: UNREGISTERED
1530.488198,49,5: UNREGISTERED
1530.488207,11,5: UNREGISTERED
1530.488211,17,5: UNREGISTERED
1530.488229,32,5: UNREGISTERED
1530.488251,40,5: UNREGISTERED
1530.488275,9,5: UNREGISTERED
1530.488278,24,5: UNREGISTERED
1530.488279,16,5: UNREGISTERED
1530.488290,48,5: UNREGISTERED
1530.488354,1,5: UNREGISTERED
1530.488373,8,5: UNREGISTERED
1530.488415,0,5: UNREGISTERED
1530.488419,2,5: UNREGISTERED
1530.488493,3,5: UNREGISTERED
1535.487903,37,5: UNREGISTERED
1535.487952,36,5: UNREGISTERED
1535.488048,27,5: UNREGISTERED
1550.487982,44,5: UNREGISTERED
1550.487985,45,5: UNREGISTERED
1550.488027,35,5: UNREGISTERED
1550.488039,46,5: UNREGISTERED
1550.488080,38,5: UNREGISTERED
1550.488088,34,5: UNREGISTERED
1550.488103,43,5: UNREGISTERED
1550.488113,42,5: UNREGISTERED
1550.488114,47,5: UNREGISTERED
1550.488118,19,5: UNREGISTERED
1550.488125,26,5: UNREGISTERED
1550.488137,39,5: UNREGISTERED
1550.488142,18,5: UNREGISTERED
1550.488156,33,5: UNREGISTERED
1550.488165,31,5: UNREGISTERED
1550.488184,25,5: UNREGISTERED
1550.488189,41,5: UNREGISTERED
1550.488198,10,5: UNREGISTERED
1550.488198,49,5: UNREGISTERED
1550.488207,11,5: UNREGISTERED
1550.488211,17,5: UNREGISTERED
1550.488229,32,5: UNREGISTERED
1550.488251,40,5: UNREGISTERED
1550.488275,9,5: UNREGISTERED
1550.488278,24,5: UNREGISTERED
1550.488279,16,5: UNREGISTERED
1550.488290,48,5: UNREGISTERED
1550.488354,1,5: UNREGISTERED
1550.488373,8,5: UNREGISTERED
1550.488415,0,5: UNREGISTERED
1550.488419,2,5: UNREGISTERED
1550.488493,3,5: UNREGISTERED
1560.487903,37,5: UNREGISTERED
1560.488048,27,5: UNREGISTERED
1570.487982,44,5: UNREGISTERED
1570.487985,45,5: UNREGISTERED
1570.488027,35,5: UNREGISTERED
1570.488039,46,5: UNREGISTERED
1570.488080,38,5: UNREGISTERED
1570.488088,34,5: UNREGISTERED
1570.488103,43,5: UNREGISTERED
1570.488113,42,5: UNREGISTERED
1570.488114,47,5: UNREGISTERED
1570.488118,19,5: UNREGISTERED
1570.488125,26,5: UNREGISTERED
1570.488137,39,5: UNREGISTERED
1570.488142,18,5: UNREGISTERED
1570.488156,33,5: UNREGISTERED
1570.488165,31,5: UNREGISTERED
1570.488184,25,5: UNREGISTERED
1570.488189,41,5: UNREGISTERED
1570.488198,10,5: UNREGISTERED
1570.488198,49,5: UNREGISTERED
1570.488207,11,5: UNREGISTERED
1570.488211,17,5: UNREGISTERED
1570.488229,32,5: UNREGISTERED
1570.488251,40,5: UNREGISTERED
1570.488275,9,5: UNREGISTERED
1570.488278,24,5: UNREGISTERED
1570.488279,16,5: UNREGISTERED
1570.488290,48,5: UNREGISTERED
1570.488354,1,5: UNREGISTERED
1570.488373,8,5: UNREGISTERED
1570.488415,0,5: UNREGISTERED
1570.488419,2,5: UNREGISTERED
1570.488493,3,5: UNREGISTERED
1580.487952,36,5: UNREGISTERED
1590.487903,37,5: UNREGISTERED
1590.487982,44,5: UNREGISTERED
1590.487985,45,5: UNREGISTERED
1590.488027,35,5: UNREGISTERED
1590.488039,46,5: UNREGISTERED
1590.488048,27,5: UNREGISTERED
1590.488080,38,5: UNREGISTERED
1590.488088,34,5: UNREGISTERED
1590.488103,43,5: UNREGISTERED
1590.488113,42,5: UNREGISTERED
1590.488114,47,5: UNREGISTERED
1590.488118,19,5: UNREGISTERED
1590.488125,26,5: UNREGISTERED
1590.488137,39,5: UNREGISTERED
1590.488142,18,5: UNREGISTERED
1590.488156,33,5: UNREGISTERED
1590.488165,31,5: UNREGISTERED
1590.488184,25,5: UNREGISTERED
1590.488189,41,5: UNREGISTERED
1590.488198,10,5: UNREGISTERED
1590.488198,49,5: UNREGISTERED
1590.488207,11,5: UNREGISTERED
1590.488211,17,5: UNREGISTERED
1590.488229,32,5: UNREGISTERED
1590.488251,40,5: UNREGISTERED
1590.488275,9,5: UNREGISTERED
1590.488278,24,5: UNREGISTERED
1590.488279,16,5: UNREGISTERED
1590.488290,48,5: UNREGISTERED
1590.488354,1,5: UNREGISTERED
1590.488373,8,5: UNREGISTERED
1590.488415,0,5: UNREGISTERED
1590.488419,2,5: UNREGISTERED
1590.488493,3,5: UNREGISTERED
1610.487952,36,5: UNREGISTERED
1610.487982,44,5: UNREGISTERED
1610.487985,45,5: UNREGISTERED
1610.488027,35,5: UNREGISTERED
1610.488039,46,5: UNREGISTERED
1610.488080,38,5: UNREGISTERED
1610.488088,34,5: UNREGISTERED
1610.488103,43,5: UNREGISTERED
1610.488113,42,5: UNREGISTERED
1610.488114,47,5: UNREGISTERED
1610.488118,19,5: UNREGISTERED
1610.488125,26,5: UNREGISTERED
1610.488137,39,5: UNREGISTERED
1610.488142,18,5: UNREGISTERED
1610.488156,33,5: UNREGISTERED
1610.488165,31,5: UNREGISTERED
1610.488184,25,5: UNREGISTERED
1610.488189,41,5: UNREGISTERED
1610.488198,10,5: UNREGISTERED
1610.488198,49,5: UNREGISTERED
1610.488207,11,5: UNREGISTERED
1610.488211,17,5: UNREGISTERED
1610.488229,32,5: UNREGISTERED
1610.488251,40,5: UNREGISTERED
1610.488275,9,5: UNREGISTERED
1610.488278,24,5: UNREGISTERED
1610.488279,16,5: UNREGISTERED
1610.488290,48,5: UNREGISTERED
1610.488354,1,5: UNREGISTERED
1610.488373,8,5: UNREGISTERED
1610.488415,0,5: UNREGISTERED
1610.488419,2,5: UNREGISTERED
1610.488493,3,5: UNREGISTERED
1620.487903,37,5: UNREGISTERED
1620.488048,27,5: UNREGISTERED
1630.487982,44,5: UNREGISTERED
1630.487985,45,5: UNREGISTERED
1630.488027,35,5: UNREGISTERED
1630.488039,46,5: UNREGISTERED
1630.488080,38,5: UNREGISTERED
1630.488088,34,5: UNREGISTERED
1630.488103,43,5: UNREGISTERED
1630.488113,42,5: UNREGISTERED
1630.488114,47,5: UNREGISTERED
1630.488118,19,5: UNREGISTERED
1630.488125,26,5: UNREGISTERED
1630.488137,39,5: UNREGISTERED
1630.488142,18,5: UNREGISTERED
1630.488156,33,5: UNREGISTERED
1630.488165,31,5: UNREGISTERED
1630.488184,25,5: UNREGISTERED
1630.488189,41,5: UNREGISTERED
1630.488198,10,5: UNREGISTERED
1630.488198,49,5: UNREGISTERED
1630.488207,11,5: UNREGISTERED
1630.488211,17,5: UNREGISTERED
1630.488229,32,5: UNREGISTERED
1630.488251,40,5: UNREGISTERED
1630.488275,9,5: UNREGISTERED
1630.488278,24,5: UNREGISTERED
1630.488279,16,5: UNREGISTERED
1630.488290,48,5: UNREGISTERED
1630.488354,1,5: UNREGISTERED
1630.488373,8,5: UNREGISTERED
1630.488415,0,5: UNREGISTERED
1630.488419,2,5: UNREGISTERED
1630.488493,3,5: UNREGISTERED
1645.488048,27,5: UNREGISTERED
1650.487903,37,5: UNREGISTERED
1650.487982,44,5: UNREGISTERED
1650.487985,45,5: UNREGISTERED
1650.488027,35,5: UNREGISTERED
1650.488039,46,5: UNREGISTERED
1650.488080,38,5: UNREGISTERED
1650.488088,34,5: UNREGISTERED
1650.488103,43,5: UNREGISTERED
1650.488113,42,5: UNREGISTERED
1650.488114,47,5: UNREGISTERED
1650.488118,19,5: UNREGISTERED
1650.488125,26,5: UNREGISTERED
1650.488137,39,5: UNREGISTERED
1650.488142,18,5: UNREGISTERED
1650.488156,33,5: UNREGISTERED
1650.488165,31,5: UNREGISTERED
1650.488184,25,5: UNREGISTERED
1650.488189,41,5: UNREGISTERED
1650.488198,10,5: UNREGISTERED
1650.488198,49,5: UNREGISTERED
1650.488207,11,5: UNREGISTERED
1650.488211,17,5: UNREGISTERED
1650.488229,32,5: UNREGISTERED
1650.488251,40,5: UNREGISTERED
1650.488275,9,5: UNREGISTERED
1650.488278,24,5: UNREGISTERED
1650.488279,16,5: UNREGISTERED
1650.488290,48,5: UNREGISTERED
1650.488354,1,5: UNREGISTERED
1650.488373,8,5: UNREGISTERED
1650.488415,0,5: UNREGISTERED
1650.488419,2,5: UNREGISTERED
1650.488493,3,5: UNREGISTERED
1660.487952,36,5: UNREGISTERED
1670.487982,44,5: UNREGISTERED
1670.487985,45,5: UNREGISTERED
1670.488027,35,5: UNREGISTERED
1670.488039,46,5: UNREGISTERED
1670.488048,27,5: UNREGISTERED
1670.488080,38,5: UNREGISTERED
1670.488088,34,5: UNREGISTERED
1670.488103,43,5: UNREGISTERED
1670.488113,42,5: UNREGISTERED
1670.488114,47,5: UNREGISTERED
1670.488118,19,5: UNREGISTERED
1670.488125,26,5: UNREGISTERED
1670.488137,39,5: UNREGISTERED
1670.488142,18,5: UNREGISTERED
1670.488156,33,5: UNREGISTERED
1670.488165,31,5: UNREGISTERED
1670.488184,25,5: UNREGISTERED
1670.488189,41,5: UNREGISTERED
1670.488198,10,5: UNREGISTERED
1670.488198,49,5: UNREGISTERED
1670.488207,11,5: UNREGISTERED
1670.488211,17,5: UNREGISTERED
1670.488229,32,5: UNREGISTERED
1670.488251,40,5: UNREGISTERED
1670.488275,9,5: UNREGISTERED
1670.488278,24,5: UNREGISTERED
1670.488279,16,5: UNREGISTERED
1670.488290,48,5: UNREGISTERED
1670.488354,1,5: UNREGISTERED
1670.488373,8,5: UNREGISTERED
1670.488415,0,5: UNREGISTERED
1670.488419,2,5: UNREGISTERED
1670.488493,3,5: UNREGISTERED
1680.487903,37,5: UNREGISTERED
1690.487982,44,5: UNREGISTERED
1690.487985,45,5: UNREGISTERED
1690.488027,35,5: UNREGISTERED
1690.488039,46,5: UNREGISTERED
1690.488080,38,5: UNREGISTERED
1690.488088,34,5: UNREGISTERED
1690.488103,43,5: UNREGISTERED
1690.488113,42,5: UNREGISTERED
1690.488114,47,5: UNREGISTERED
1690.488118,19,5: UNREGISTERED
1690.488125,26,5: UNREGISTERED
1690.488137,39,5: UNREGISTERED
1690.488142,18,5: UNREGISTERED
1690.488156,33,5: UNREGISTERED
1690.488165,31,5: UNREGISTERED
1690.488184,25,5: UNREGISTERED
1690.488189,41,5: UNREGISTERED
1690.488198,10,5: UNREGISTERED
1690.488198,49,5: UNREGISTERED
1690.488207,11,5: UNREGISTERED
1690.488211,17,5: UNREGISTERED
1690.488229,32,5: UNREGISTERED
1690.488251,40,5: UNREGISTERED
1690.488275,9,5: UNREGISTERED
1690.488278,24,5: UNREGISTERED
1690.488279,16,5: UNREGISTERED
1690.488290,48,5: UNREGISTERED
1690.488354,1,5: UNREGISTERED
1690.488373,8,5: UNREGISTERED
1690.488415,0,5: UNREGISTERED
1690.488419,2,5: UNREGISTERED
1690.488493,3,5: UNREGISTERED
1695.487952,36,5: UNREGISTERED
1695.488048,27,5: UNREGISTERED
1705.487903,37,5: UNREGISTERED
1710.487982,44,5: UNREGISTERED
1710.487985,45,5: UNREGISTERED
1710.488027,35,5: UNREGISTERED
1710.488039,46,5: UNREGISTERED
1710.488080,38,5: UNREGISTERED
1710.488088,34,5: UNREGISTERED
1710.488103,43,5: UNREGISTERED
1710.488113,42,5: UNREGISTERED
1710.488114,47,5: UNREGISTERED
1710.488118,19,5: UNREGISTERED
1710.488125,26,5: UNREGISTERED
1710.488137,39,5: UNREGISTERED
1710.488142,18,5: UNREGISTERED
1710.488156,33,5: UNREGISTERED
1710.488165,31,5: UNREGISTERED
1710.488184,25,5: UNREGISTERED
1710.488189,41,5: UNREGISTERED
1710.488198,10,5: UNREGISTERED
1710.488198,49,5: UNREGISTERED
1710.488207,11,5: UNREGISTERED
1710.488211,17,5: UNREGISTERED
1710.488229,32,5: UNREGISTERED
1710.488251,40,5: UNREGISTERED
1710.488275,9,5: UNREGISTERED
1710.488278,24,5: UNREGISTERED
1710.488279,16,5: UNREGISTERED
1710.488290,48,5: UNREGISTERED
1710.488354,1,5: UNREGISTERED
1710.488373,8,5: UNREGISTERED
1710.488415,0,5: UNREGISTERED
1710.488419,2,5: UNREGISTERED
1710.488493,3,5: UNREGISTERED
1720.488048,27,5: UNREGISTERED
1730.487903,37,5: UNREGISTERED
1730.487982,44,5: UNREGISTERED
1730.487985,45,5: UNREGISTERED
1730.488027,35,5: UNREGISTERED
1730.488039,46,5: UNREGISTERED
1730.488080,38,5: UNREGISTERED
1730.488088,34,5: UNREGISTERED
1730.488103,43,5: UNREGISTERED
1730.488113,42,5: UNREGISTERED
1730.488114,47,5: UNREGISTERED
1730.488118,19,5: UNREGISTERED
1730.488125,26,5: UNREGISTERED
1730.488137,39,5: UNREGISTERED
1730.488142,18,5: UNREGISTERED
1730.488156,33,5: UNREGISTERED
1730.488165,31,5: UNREGISTERED
1730.488184,25,5: UNREGISTERED
1730.488189,41,5: UNREGISTERED
1730.488198,10,5: UNREGISTERED
1730.488198,49,5: UNREGISTERED
1730.488207,11,5: UNREGISTERED
1730.488211,17,5: UNREGISTERED
1730.488229,32,5: UNREGISTERED
1730.488251,40,5: UNREGISTERED
1730.488275,9,5: UNREGISTERED
1730.488278,24,5: UNREGISTERED
1730.488279,16,5: UNREGISTERED
1730.488290,48,5: UNREGISTERED
1730.488354,1,5: UNREGISTERED
1730.488373,8,5: UNREGISTERED
1730.488415,0,5: UNREGISTERED
1730.488419,2,5: UNREGISTERED
1730.488493,3,5: UNREGISTERED
1745.488048,27,5: UNREGISTERED
1750.487982,44,5: UNREGISTERED
1750.487985,45,5: UNREGISTERED
1750.488027,35,5: UNREGISTERED
1750.488039,46,5: UNREGISTERED
1750.488080,38,5: UNREGISTERED
1750.488088,34,5: UNREGISTERED
1750.488103,43,5: UNREGISTERED
1750.488113,42,5: UNREGISTERED
1750.488114,47,5: UNREGISTERED
1750.488118,19,5: UNREGISTERED
1750.488125,26,5: UNREGISTERED
1750.488137,39,5: UNREGISTERED
1750.488142,18,5: UNREGISTERED
1750.488156,33,5: UNREGISTERED
1750.488165,31,5: UNREGISTERED
1750.488184,25,5: UNREGISTERED
1750.488189,41,5: UNREGISTERED
1750.488198,10,5: UNREGISTERED
1750.488198,49,5: UNREGISTERED
1750.488207,11,5: UNREGISTERED
1750.488211,17,5: UNREGISTERED
1750.488229,32,5: UNREGISTERED
1750.488251,40,5: UNREGISTERED
1750.488275,9,5: UNREGISTERED
1750.488278,24,5: UNREGISTERED
1750.488279,16,5: UNREGISTERED
1750.488290,48,5: UNREGISTERED
1750.488354,1,5: UNREGISTERED
1750.488373,8,5: UNREGISTERED
1750.488415,0,5: UNREGISTERED
1750.488419,2,5: UNREGISTERED
1750.488493,3,5: UNREGISTERED
1755.487903,37,5: UNREGISTERED
1755.487952,36,5: UNREGISTERED
1770.487982,44,5: UNREGISTERED
1770.487985,45,5: UNREGISTERED
1770.488027,35,5: UNREGISTERED
1770.488039,46,5: UNREGISTERED
1770.488048,27,5: UNREGISTERED
1770.488080,38,5: UNREGISTERED
1770.488088,34,5: UNREGISTERED
1770.488103,43,5: UNREGISTERED
1770.488113,42,5: UNREGISTERED
1770.488114,47,5: UNREGISTERED
1770.488118,19,5: UNREGISTERED
1770.488125,26,5: UNREGISTERED
1770.488137,39,5: UNREGISTERED
1770.488142,18,5: UNREGISTERED
1770.488156,33,5: UNREGISTERED
1770.488165,31,5: UNREGISTERED
1770.488184,25,5: UNREGISTERED
1770.488189,41,5: UNREGISTERED
1770.488198,10,5: UNREGISTERED
1770.488198,49,5: UNREGISTERED
1770.488207,11,5: UNREGISTERED
1770.488211,17,5: UNREGISTERED
1770.488229,32,5: UNREGISTERED
1770.488251,40,5: UNREGISTERED
1770.488275,9,5: UNREGISTERED
1770.488278,24,5: UNREGISTERED
1770.488279,16,5: UNREGISTERED
1770.488290,48,5: UNREGISTERED
1770.488354,1,5: UNREGISTERED
1770.488373,8,5: UNREGISTERED
1770.488415,0,5: UNREGISTERED
1770.488419,2,5: UNREGISTERED
1770.488493,3,5: UNREGISTERED
1780.487903,37,5: UNREGISTERED
1790.487952,36,5: UNREGISTERED
1790.487982,44,5: UNREGISTERED
1790.487985,45,5: UNREGISTERED
1790.488027,35,5: UNREGISTERED
1790.488039,46,5: UNREGISTERED
1790.488080,38,5: UNREGISTERED
1790.488088,34,5: UNREGISTERED
1790.488103,43,5: UNREGISTERED
1790.488113,42,5: UNREGISTERED
1790.488114,47,5: UNREGISTERED
1790.488118,19,5: UNREGISTERED
1790.488125,26,5: UNREGISTERED
1790.488137,39,5: UNREGISTERED
1790.488142,18,5: UNREGISTERED
1790.488156,33,5: UNREGISTERED
1790.488165,31,5: UNREGISTERED
1790.488184,25,5: UNREGISTERED
1790.488189,41,5: UNREGISTERED
1790.488198,10,5: UNREGISTERED
1790.488198,49,5: UNREGISTERED
1790.488207,11,5: UNREGISTERED
1790.488211,17,5: UNREGISTERED
1790.488229,32,5: UNREGISTERED
1790.488251,40,5: UNREGISTERED
1790.488275,9,5: UNREGISTERED
1790.488278,24,5: UNREGISTERED
1790.488279,16,5: UNREGISTERED
1790.488290,48,5: UNREGISTERED
1790.488354,1,5: UNREGISTERED
1790.488373,8,5: UNREGISTERED
1790.488415,0,5: UNREGISTERED
1790.488419,2,5: UNREGISTERED
1790.488493,3,5: UNREGISTERED
1800.488048,27,5: UNREGISTERED
1805.487903,37,5: UNREGISTERED
1810.487982,44,5: UNREGISTERED
1810.487985,45,5: UNREGISTERED
1810.488027,35,5: UNREGISTERED
1810.488039,46,5: UNREGISTERED
1810.488080,38,5: UNREGISTERED
1810.488088,34,5: UNREGISTERED
1810.488103,43,5: UNREGISTERED
1810.488113,42,5: UNREGISTERED
1810.488114,47,5: UNREGISTERED
1810.488118,19,5: UNREGISTERED
1810.488125,26,5: UNREGISTERED
1810.488137,39,5: UNREGISTERED
1810.488142,18,5: UNREGISTERED
1810.488156,33,5: UNREGISTERED
1810.488165,31,5: UNREGISTERED
1810.488184,25,5: UNREGISTERED
1810.488189,41,5: UNREGISTERED
1810.488198,10,5: UNREGISTERED
1810.488198,49,5: UNREGISTERED
1810.488207,11,5: UNREGISTERED
1810.488211,17,5: UNREGISTERED
1810.488229,32,5: UNREGISTERED
1810.488251,40,5: UNREGISTERED
1810.488275,9,5: UNREGISTERED
1810.488278,24,5: UNREGISTERED
1810.488279,16,5: UNREGISTERED
1810.488290,48,5: UNREGISTERED
1810.488354,1,5: UNREGISTERED
1810.488373,8,5: UNREGISTERED
1810.488415,0,5: UNREGISTERED
1810.488419,2,5: UNREGISTERED
1810.488493,3,5: UNREGISTERED
1820.487952,36,5: UNREGISTERED
1830.487903,37,5: UNREGISTERED
1830.487982,44,5: UNREGISTERED
1830.487985,45,5: UNREGISTERED
1830.488027,35,5: UNREGISTERED
1830.488039,46,5: UNREGISTERED
1830.488048,27,5: UNREGISTERED
1830.488080,38,5: UNREGISTERED
1830.488088,34,5: UNREGISTERED
1830.488103,43,5: UNREGISTERED
1830.488113,42,5: UNREGISTERED
1830.488114,47,5: UNREGISTERED
1830.488118,19,5: UNREGISTERED
1830.488125,26,5: UNREGISTERED
1830.488137,39,5: UNREGISTERED
1830.488142,18,5: UNREGISTERED
1830.488156,33,5: UNREGISTERED
1830.488165,31,5: UNREGISTERED
1830.488184,25,5: UNREGISTERED
1830.488189,41,5: UNREGISTERED
1830.488198,10,5: UNREGISTERED
1830.488198,49,5: UNREGISTERED
1830.488207,11,5: UNREGISTERED
1830.488211,17,5: UNREGISTERED
1830.488229,32,5: UNREGISTERED
1830.488251,40,5: UNREGISTERED
1830.488275,9,5: UNREGISTERED
1830.488278,24,5: UNREGISTERED
1830.488279,16,5: UNREGISTERED
1830.488290,48,5: UNREGISTERED
1830.488354,1,5: UNREGISTERED
1830.488373,8,5: UNREGISTERED
1830.488415,0,5: UNREGISTERED
1830.488419,2,5: UNREGISTERED
1830.488493,3,5: UNREGISTERED
1850.487982,44,5: UNREGISTERED
1850.487985,45,5: UNREGISTERED
1850.488027,35,5: UNREGISTERED
1850.488039,46,5: UNREGISTERED
1850.488080,38,5: UNREGISTERED
1850.488088,34,5: UNREGISTERED
